{
  "run_id": "GROKKING_TRANSITION_AUDIT_V0_1_WR10_SENS",
  "prereg_id": "GROKKING_TRANSITION_AUDIT_V0_1_WR10",
  "seed": "seed_147",
  "input_file": "data/real/seed_147.csv",
  "signal_lock": {
    "mode": "quantile",
    "quantiles": {
      "force": 0.99,
      "info": 0.99,
      "constraint": 0.99
    },
    "fixed_thresholds": {
      "force": null,
      "info": null,
      "constraint": null
    },
    "density_gate": {
      "min_rate": 0.001,
      "max_rate": 0.02
    }
  },
  "thresholds": {
    "primary": {
      "force": 4.1351603353978135,
      "info": 0.005583913610686997,
      "constraint": 0.05142857142857141
    },
    "alt": {
      "force": 0.8349417555436958,
      "info": 0.013199104111312643,
      "constraint": 0.010706338214469119
    }
  },
  "event_density": {
    "primary": {
      "force": 0.011647254575707155,
      "info": 0.011647254575707155,
      "constraint": 0.011647254575707155
    },
    "alt": {
      "force": 0.011647254575707155,
      "info": 0.011647254575707155,
      "constraint": 0.011647254575707155
    }
  },
  "event_counts": {
    "primary": {
      "force": 7,
      "info": 7,
      "constraint": 7
    },
    "alt": {
      "force": 7,
      "info": 7,
      "constraint": 7
    }
  },
  "ptmss": {
    "primary_t": null,
    "family_t": {
      "primary": null,
      "alt": 1000
    },
    "family_order": {
      "primary": null,
      "alt": [
        "S1",
        "S2",
        "S3"
      ]
    },
    "family_candidate_count": {
      "primary": 0,
      "alt": 1
    },
    "primary_candidate_steps": [],
    "window_radius_steps": 10
  },
  "events": {
    "primary": {
      "force": [
        1000,
        1500,
        20500,
        24500,
        25000,
        270500,
        271000
      ],
      "info": [
        500,
        1000,
        1500,
        4000,
        7500,
        12000,
        17000
      ],
      "constraint": [
        500,
        32000,
        83000,
        89000,
        163500,
        170500,
        223500
      ]
    },
    "alt": {
      "force": [
        1000,
        1500,
        2000,
        3500,
        24500,
        27000,
        270500
      ],
      "info": [
        500,
        1000,
        1500,
        4000,
        7500,
        12000,
        17000
      ],
      "constraint": [
        500,
        1000,
        2500,
        24500,
        27000,
        140500,
        203500
      ]
    }
  },
  "gate": {
    "pass": false,
    "alignment_fail_families": [],
    "order_fail_families": []
  },
  "baseline": {
    "transition_t": 2500,
    "has_transition": true,
    "diverges_from_fit": true
  },
  "label": "NO_TRANSITION",
  "notes": []
}