{
  "test_roc_auc": 1.0,
  "test_pr_auc": 1.0,
  "roc_curve": {
    "fpr": [
      0.0,
      0.0,
      1.0
    ],
    "tpr": [
      0.0,
      1.0,
      1.0
    ],
    "thresholds": [
      Infinity,
      0.9752767092320196,
      0.0005577345967846251
    ]
  },
  "pr_curve": {
    "precision": [
      0.01639344262295082,
      0.016666666666666666,
      0.01694915254237288,
      0.017241379310344827,
      0.017543859649122806,
      0.017857142857142856,
      0.01818181818181818,
      0.018518518518518517,
      0.018867924528301886,
      0.019230769230769232,
      0.0196078431372549,
      0.02,
      0.02040816326530612,
      0.020833333333333332,
      0.02127659574468085,
      0.021739130434782608,
      0.022222222222222223,
      0.022727272727272728,
      0.023255813953488372,
      0.023809523809523808,
      0.024390243902439025,
      0.025,
      0.02564102564102564,
      0.02631578947368421,
      0.02702702702702703,
      0.027777777777777776,
      0.02857142857142857,
      0.029411764705882353,
      0.030303030303030304,
      0.03125,
      0.03225806451612903,
      0.03333333333333333,
      0.034482758620689655,
      0.03571428571428571,
      0.037037037037037035,
      0.038461538461538464,
      0.04,
      0.041666666666666664,
      0.043478260869565216,
      0.045454545454545456,
      0.047619047619047616,
      0.05,
      0.05263157894736842,
      0.05555555555555555,
      0.058823529411764705,
      0.0625,
      0.06666666666666667,
      0.07142857142857142,
      0.07692307692307693,
      0.08333333333333333,
      0.09090909090909091,
      0.1,
      0.1111111111111111,
      0.125,
      0.14285714285714285,
      0.16666666666666666,
      0.2,
      0.25,
      0.3333333333333333,
      0.5,
      1.0,
      1.0
    ],
    "recall": [
      1.0,
      1.0,
      1.0,
      1.0,
      1.0,
      1.0,
      1.0,
      1.0,
      1.0,
      1.0,
      1.0,
      1.0,
      1.0,
      1.0,
      1.0,
      1.0,
      1.0,
      1.0,
      1.0,
      1.0,
      1.0,
      1.0,
      1.0,
      1.0,
      1.0,
      1.0,
      1.0,
      1.0,
      1.0,
      1.0,
      1.0,
      1.0,
      1.0,
      1.0,
      1.0,
      1.0,
      1.0,
      1.0,
      1.0,
      1.0,
      1.0,
      1.0,
      1.0,
      1.0,
      1.0,
      1.0,
      1.0,
      1.0,
      1.0,
      1.0,
      1.0,
      1.0,
      1.0,
      1.0,
      1.0,
      1.0,
      1.0,
      1.0,
      1.0,
      1.0,
      1.0,
      0.0
    ],
    "thresholds": [
      0.0005577345967846251,
      0.0010423046979934816,
      0.0013280190412512632,
      0.001845867190367194,
      0.0035886890856652795,
      0.004753157044846244,
      0.00486436789686258,
      0.0061510996081961975,
      0.0063201911941597804,
      0.006377681197661037,
      0.008656076368845465,
      0.009505432686042705,
      0.010820881550254059,
      0.012042684461543265,
      0.016087311163240255,
      0.019242462670213862,
      0.023854065265033534,
      0.029481788976237124,
      0.042310253239871615,
      0.04436092352769326,
      0.04995606794040774,
      0.051292965324857005,
      0.061925091959685034,
      0.06741706176806639,
      0.06805992821500882,
      0.07436199237643328,
      0.07985853414366993,
      0.08515853768205985,
      0.09745902876069241,
      0.10185715490650002,
      0.10974740594804056,
      0.14213299943845845,
      0.1658290038895442,
      0.17930505333028185,
      0.18977179371692043,
      0.2418482412465166,
      0.24967625150757633,
      0.2931328693612311,
      0.3083226901140887,
      0.34992394925802706,
      0.35885033929891696,
      0.3695076290183509,
      0.43243083963092827,
      0.4635330329206934,
      0.4850950374977481,
      0.5231667556553262,
      0.5543818646949505,
      0.5802660957848108,
      0.6135367346873289,
      0.6233265563458756,
      0.6502825582418185,
      0.6508550454017127,
      0.6511297170348694,
      0.7039203933885477,
      0.735736938365726,
      0.7917125045857095,
      0.7919049849522822,
      0.8044141999294171,
      0.8636972962103919,
      0.9277340708097159,
      0.9752767092320196
    ]
  },
  "coverage_vs_fpr": {
    "fpr": [
      0.0,
      0.0,
      1.0
    ],
    "tpr": [
      0.0,
      1.0,
      1.0
    ]
  },
  "operating_points": [
    {
      "fpr_target": 0.01,
      "threshold": 0.9653090195659911,
      "fpr": 0.0,
      "tpr": 1.0,
      "precision": 1.0,
      "flagged_rate": 0.01639344262295082,
      "miss_rate": 0.0,
      "usable": true
    },
    {
      "fpr_target": 0.05,
      "threshold": 0.9144226225637838,
      "fpr": 0.016666666666666666,
      "tpr": 1.0,
      "precision": 0.5,
      "flagged_rate": 0.03278688524590164,
      "miss_rate": 0.0,
      "usable": true
    }
  ]
}