fpr_target,threshold,fpr_achieved,fpr_best_match,coverage,abstain_rate,covered,lead_time_mean_steps
0.01,4.76225,0.00982143,0.00982143,0,1,0/4,
0.05,0.162133,0.05,0.05,0.5,0.5,2/4,12250
0.1,0.0852487,0.1,0.1,0.5,0.5,2/4,12250
0.2,0.0472146,0.2,0.2,0.5,0.5,2/4,12250

