{
  "run_id": "GROKKING_TRANSITION_AUDIT_V0_1_WR80_SENS",
  "prereg_id": "GROKKING_TRANSITION_AUDIT_V0_1_WR80",
  "seed": "seed_160",
  "input_file": "data/real/seed_160.csv",
  "signal_lock": {
    "mode": "quantile",
    "quantiles": {
      "force": 0.99,
      "info": 0.99,
      "constraint": 0.99
    },
    "fixed_thresholds": {
      "force": null,
      "info": null,
      "constraint": null
    },
    "density_gate": {
      "min_rate": 0.001,
      "max_rate": 0.02
    }
  },
  "thresholds": {
    "primary": {
      "force": 2.2652081898995675,
      "info": 0.005400233218051942,
      "constraint": 0.05055702571139209
    },
    "alt": {
      "force": 0.45684549808502195,
      "info": 0.012765721531207141,
      "constraint": 0.01162120598947794
    }
  },
  "event_density": {
    "primary": {
      "force": 0.011647254575707155,
      "info": 0.011647254575707155,
      "constraint": 0.011647254575707155
    },
    "alt": {
      "force": 0.011647254575707155,
      "info": 0.011647254575707155,
      "constraint": 0.011647254575707155
    }
  },
  "event_counts": {
    "primary": {
      "force": 7,
      "info": 7,
      "constraint": 7
    },
    "alt": {
      "force": 7,
      "info": 7,
      "constraint": 7
    }
  },
  "ptmss": {
    "primary_t": null,
    "family_t": {
      "primary": null,
      "alt": null
    },
    "family_order": {
      "primary": null,
      "alt": null
    },
    "family_candidate_count": {
      "primary": 0,
      "alt": 0
    },
    "primary_candidate_steps": [],
    "window_radius_steps": 80
  },
  "events": {
    "primary": {
      "force": [
        49000,
        49500,
        64000,
        64500,
        71500,
        121500,
        122000
      ],
      "info": [
        500,
        1500,
        4500,
        8500,
        12500,
        17500,
        22500
      ],
      "constraint": [
        500,
        19500,
        20500,
        52500,
        99000,
        183500,
        228000
      ]
    },
    "alt": {
      "force": [
        49000,
        51500,
        64000,
        66500,
        71500,
        121500,
        124000
      ],
      "info": [
        500,
        1500,
        4500,
        8500,
        12500,
        17500,
        22500
      ],
      "constraint": [
        500,
        1000,
        1500,
        2500,
        40000,
        124000,
        267000
      ]
    }
  },
  "gate": {
    "pass": false,
    "alignment_fail_families": [],
    "order_fail_families": []
  },
  "baseline": {
    "transition_t": 2500,
    "has_transition": true,
    "diverges_from_fit": true
  },
  "label": "NO_TRANSITION",
  "notes": []
}