{
  "run_id": "GROKKING_TRANSITION_AUDIT_V0_1_WR80_SENS",
  "prereg_id": "GROKKING_TRANSITION_AUDIT_V0_1_WR80",
  "seed": "seed_175",
  "input_file": "data/real/seed_175.csv",
  "signal_lock": {
    "mode": "quantile",
    "quantiles": {
      "force": 0.99,
      "info": 0.99,
      "constraint": 0.99
    },
    "fixed_thresholds": {
      "force": null,
      "info": null,
      "constraint": null
    },
    "density_gate": {
      "min_rate": 0.001,
      "max_rate": 0.02
    }
  },
  "thresholds": {
    "primary": {
      "force": 1.7486814504954964,
      "info": 0.0050189499790724845,
      "constraint": 0.05812292345243633
    },
    "alt": {
      "force": 0.36500894728427147,
      "info": 0.011944131885370357,
      "constraint": 0.012626963829009852
    }
  },
  "event_density": {
    "primary": {
      "force": 0.011647254575707155,
      "info": 0.011647254575707155,
      "constraint": 0.011647254575707155
    },
    "alt": {
      "force": 0.011647254575707155,
      "info": 0.011647254575707155,
      "constraint": 0.011647254575707155
    }
  },
  "event_counts": {
    "primary": {
      "force": 7,
      "info": 7,
      "constraint": 7
    },
    "alt": {
      "force": 7,
      "info": 7,
      "constraint": 7
    }
  },
  "ptmss": {
    "primary_t": null,
    "family_t": {
      "primary": null,
      "alt": null
    },
    "family_order": {
      "primary": null,
      "alt": null
    },
    "family_candidate_count": {
      "primary": 0,
      "alt": 0
    },
    "primary_candidate_steps": [],
    "window_radius_steps": 80
  },
  "events": {
    "primary": {
      "force": [
        67500,
        68000,
        116000,
        226000,
        226500,
        298500,
        299000
      ],
      "info": [
        500,
        1500,
        5500,
        9000,
        12000,
        16500,
        30000
      ],
      "constraint": [
        500,
        70500,
        151000,
        229000,
        241000,
        281000,
        281500
      ]
    },
    "alt": {
      "force": [
        1000,
        2500,
        67500,
        70000,
        226000,
        228500,
        298500
      ],
      "info": [
        500,
        1500,
        5500,
        9000,
        12000,
        16500,
        30000
      ],
      "constraint": [
        500,
        1000,
        1500,
        2500,
        128000,
        266500,
        280500
      ]
    }
  },
  "gate": {
    "pass": false,
    "alignment_fail_families": [],
    "order_fail_families": []
  },
  "baseline": {
    "transition_t": 2500,
    "has_transition": true,
    "diverges_from_fit": true
  },
  "label": "NO_TRANSITION",
  "notes": []
}