{
  "beta_mean": 27.356438963121082,
  "beta_std": 11.402329114832012,
  "r_crit_values": {
    "23": 0.5700000000000001,
    "41": 0.49,
    "59": 0.45
  },
  "beta_values": {
    "23": 11.231196824232178,
    "41": 35.46475834839632,
    "59": 35.373361716734756
  }
}