{
  "input": "D:\\FIT Lab\\github\\F-I-T\\experiments\\renormalization\\gol_rg_lens_v0_1\\out\\multiscale_scheme_audit.csv",
  "scheme": "majority",
  "estimator": "H",
  "scales": [
    1,
    2,
    4,
    8
  ],
  "n_rows_total": 1910,
  "train_seeds": [
    1000,
    1001,
    1003,
    1004,
    1005,
    1007,
    1009
  ],
  "test_seeds": [
    1002,
    1006,
    1008
  ],
  "n_rows_train": 1337,
  "n_rows_test": 573,
  "saturation_settings": {
    "near_bound_threshold": 0.1,
    "saturation_fraction_gate": 0.9,
    "min_non_saturated_pairs": 2
  },
  "saturation_checks": {
    "b=1": {
      "is_saturated": false,
      "saturation_fraction": 0.5699326851159312,
      "near_zero_fraction": 0.0,
      "near_one_fraction": 0.5699326851159312,
      "near_bound_threshold": 0.1,
      "saturation_fraction_gate": 0.9
    },
    "b=2": {
      "is_saturated": true,
      "saturation_fraction": 0.9962602842183994,
      "near_zero_fraction": 0.0,
      "near_one_fraction": 0.9962602842183994,
      "near_bound_threshold": 0.1,
      "saturation_fraction_gate": 0.9
    },
    "b=4": {
      "is_saturated": false,
      "saturation_fraction": 0.1944652206432311,
      "near_zero_fraction": 0.1944652206432311,
      "near_one_fraction": 0.0,
      "near_bound_threshold": 0.1,
      "saturation_fraction_gate": 0.9
    },
    "b=8": {
      "is_saturated": true,
      "saturation_fraction": 0.9872849663425579,
      "near_zero_fraction": 0.9872849663425579,
      "near_one_fraction": 0.0,
      "near_bound_threshold": 0.1,
      "saturation_fraction_gate": 0.9
    }
  },
  "pair_fits": {
    "1->2": {
      "model": "isotonic",
      "r2_test": 0.9876297044750102,
      "spearman_rho_test": 0.9951122107646372,
      "spearman_p_test": 0.0,
      "mean_bin_std_test": 0.029586217012060725,
      "max_bin_std_test": 0.08863967749014498,
      "bins_used": 19,
      "y_dynamic_range_test": 0.8771571256222013,
      "y_std_test": 0.27158267747875703,
      "n_train": 1337,
      "n_test": 573
    },
    "2->4": {
      "model": "isotonic",
      "r2_test": 0.8038341826354178,
      "spearman_rho_test": 0.9066278136656929,
      "spearman_p_test": 3.791965951120243e-216,
      "mean_bin_std_test": 0.06213794828640206,
      "max_bin_std_test": 0.12490267480649424,
      "bins_used": 19,
      "y_dynamic_range_test": 0.4420520027663299,
      "y_std_test": 0.1497139099408923,
      "n_train": 1337,
      "n_test": 573
    },
    "4->8": {
      "model": "isotonic",
      "r2_test": -0.014400022484658326,
      "spearman_rho_test": 0.07657519093873749,
      "spearman_p_test": 0.06699615720108096,
      "mean_bin_std_test": 0.007227379526507332,
      "max_bin_std_test": 0.021548272494915546,
      "bins_used": 14,
      "y_dynamic_range_test": 0.0,
      "y_std_test": 0.010799239086814813,
      "n_train": 1337,
      "n_test": 573
    }
  },
  "semigroup_tests": {
    "1->2->4": {
      "skipped_due_to_saturation": true,
      "saturated_scales": [
        2
      ]
    },
    "2->4->8": {
      "skipped_due_to_saturation": true,
      "saturated_scales": [
        2,
        8
      ]
    }
  },
  "notes": [
    "R2 can be misleading under saturation; interpret with Spearman and dynamic range.",
    "Saturation gate skips semigroup tests with saturated scales."
  ],
  "saturation_gate": {
    "non_saturated_adjacent_pairs": [],
    "n_non_saturated_adjacent_pairs": 0,
    "evaluated_semigroup_triples": [],
    "n_evaluated_semigroup_triples": 0,
    "required_min_pairs": 2,
    "pass": false
  }
}