{
  "run_id": "GROKKING_TRANSITION_AUDIT_V0_1_Q0p995_SENS",
  "prereg_id": "GROKKING_TRANSITION_AUDIT_V0_1_Q0p995",
  "seed": "seed_173",
  "input_file": "data/real/seed_173.csv",
  "signal_lock": {
    "mode": "quantile",
    "quantiles": {
      "force": 0.995,
      "info": 0.995,
      "constraint": 0.995
    },
    "fixed_thresholds": {
      "force": null,
      "info": null,
      "constraint": null
    },
    "density_gate": {
      "min_rate": 0.001,
      "max_rate": 0.02
    }
  },
  "thresholds": {
    "primary": {
      "force": 3.540880659071263,
      "info": 0.007023936280924015,
      "constraint": 0.0509139248919907
    },
    "alt": {
      "force": 0.7224755351169734,
      "info": 0.016549958952790877,
      "constraint": 0.012813668685395324
    }
  },
  "event_density": {
    "primary": {
      "force": 0.0066555740432612314,
      "info": 0.0066555740432612314,
      "constraint": 0.0066555740432612314
    },
    "alt": {
      "force": 0.0066555740432612314,
      "info": 0.0066555740432612314,
      "constraint": 0.0066555740432612314
    }
  },
  "event_counts": {
    "primary": {
      "force": 4,
      "info": 4,
      "constraint": 4
    },
    "alt": {
      "force": 4,
      "info": 4,
      "constraint": 4
    }
  },
  "ptmss": {
    "primary_t": null,
    "family_t": {
      "primary": null,
      "alt": null
    },
    "family_order": {
      "primary": null,
      "alt": null
    },
    "family_candidate_count": {
      "primary": 0,
      "alt": 0
    },
    "primary_candidate_steps": [],
    "window_radius_steps": 20
  },
  "events": {
    "primary": {
      "force": [
        35000,
        35500,
        289000,
        289500
      ],
      "info": [
        500,
        1500,
        5000,
        8500
      ],
      "constraint": [
        500,
        198500,
        267000,
        274000
      ]
    },
    "alt": {
      "force": [
        35000,
        37500,
        289000,
        291500
      ],
      "info": [
        500,
        1500,
        5000,
        8500
      ],
      "constraint": [
        500,
        1000,
        2000,
        2500
      ]
    }
  },
  "gate": {
    "pass": false,
    "alignment_fail_families": [],
    "order_fail_families": []
  },
  "baseline": {
    "transition_t": 2500,
    "has_transition": true,
    "diverges_from_fit": true
  },
  "label": "NO_TRANSITION",
  "notes": []
}