{
  "run_id": "GROKKING_TRANSITION_AUDIT_V0_1_Q0p995_SENS",
  "prereg_id": "GROKKING_TRANSITION_AUDIT_V0_1_Q0p995",
  "seed": "seed_159",
  "input_file": "data/real/seed_159.csv",
  "signal_lock": {
    "mode": "quantile",
    "quantiles": {
      "force": 0.995,
      "info": 0.995,
      "constraint": 0.995
    },
    "fixed_thresholds": {
      "force": null,
      "info": null,
      "constraint": null
    },
    "density_gate": {
      "min_rate": 0.001,
      "max_rate": 0.02
    }
  },
  "thresholds": {
    "primary": {
      "force": 7.064869327004999,
      "info": 0.007976821948726953,
      "constraint": 0.06674694243755017
    },
    "alt": {
      "force": 1.436084233276779,
      "info": 0.01876184522959612,
      "constraint": 0.015609489123995332
    }
  },
  "event_density": {
    "primary": {
      "force": 0.0066555740432612314,
      "info": 0.0066555740432612314,
      "constraint": 0.0066555740432612314
    },
    "alt": {
      "force": 0.0066555740432612314,
      "info": 0.0066555740432612314,
      "constraint": 0.0066555740432612314
    }
  },
  "event_counts": {
    "primary": {
      "force": 4,
      "info": 4,
      "constraint": 4
    },
    "alt": {
      "force": 4,
      "info": 4,
      "constraint": 4
    }
  },
  "ptmss": {
    "primary_t": 1000,
    "family_t": {
      "primary": 1000,
      "alt": 1000
    },
    "family_order": {
      "primary": [
        "S1",
        "S2",
        "S3"
      ],
      "alt": [
        "S1",
        "S2",
        "S3"
      ]
    },
    "family_candidate_count": {
      "primary": 1,
      "alt": 1
    },
    "primary_candidate_steps": [
      1000
    ],
    "window_radius_steps": 20
  },
  "events": {
    "primary": {
      "force": [
        1000,
        1500,
        36000,
        36500
      ],
      "info": [
        500,
        1000,
        5000,
        9000
      ],
      "constraint": [
        500,
        1000,
        33000,
        36500
      ]
    },
    "alt": {
      "force": [
        1000,
        1500,
        3500,
        38500
      ],
      "info": [
        500,
        1000,
        5000,
        9000
      ],
      "constraint": [
        500,
        1000,
        1500,
        2500
      ]
    }
  },
  "gate": {
    "pass": true,
    "alignment_fail_families": [],
    "order_fail_families": []
  },
  "baseline": {
    "transition_t": 2500,
    "has_transition": true,
    "diverges_from_fit": false
  },
  "label": "REGISTERED_TRANSITION",
  "notes": []
}