{
  "run_id": "GROKKING_TRANSITION_AUDIT_V0_1_Q0p995_SENS",
  "prereg_id": "GROKKING_TRANSITION_AUDIT_V0_1_Q0p995",
  "seed": "seed_170",
  "input_file": "data/real/seed_170.csv",
  "signal_lock": {
    "mode": "quantile",
    "quantiles": {
      "force": 0.995,
      "info": 0.995,
      "constraint": 0.995
    },
    "fixed_thresholds": {
      "force": null,
      "info": null,
      "constraint": null
    },
    "density_gate": {
      "min_rate": 0.001,
      "max_rate": 0.02
    }
  },
  "thresholds": {
    "primary": {
      "force": 4.301066220155917,
      "info": 0.010045207447107019,
      "constraint": 0.06124699278267842
    },
    "alt": {
      "force": 0.8629915956873446,
      "info": 0.02376843775009041,
      "constraint": 0.012425303264674753
    }
  },
  "event_density": {
    "primary": {
      "force": 0.0066555740432612314,
      "info": 0.0066555740432612314,
      "constraint": 0.0066555740432612314
    },
    "alt": {
      "force": 0.0066555740432612314,
      "info": 0.0066555740432612314,
      "constraint": 0.0066555740432612314
    }
  },
  "event_counts": {
    "primary": {
      "force": 4,
      "info": 4,
      "constraint": 4
    },
    "alt": {
      "force": 4,
      "info": 4,
      "constraint": 4
    }
  },
  "ptmss": {
    "primary_t": null,
    "family_t": {
      "primary": null,
      "alt": null
    },
    "family_order": {
      "primary": null,
      "alt": null
    },
    "family_candidate_count": {
      "primary": 0,
      "alt": 0
    },
    "primary_candidate_steps": [],
    "window_radius_steps": 20
  },
  "events": {
    "primary": {
      "force": [
        31500,
        32000,
        138000,
        138500
      ],
      "info": [
        500,
        2000,
        5500,
        9500
      ],
      "constraint": [
        500,
        26500,
        296500,
        297000
      ]
    },
    "alt": {
      "force": [
        31500,
        34000,
        138000,
        140500
      ],
      "info": [
        500,
        2000,
        5500,
        9500
      ],
      "constraint": [
        500,
        1000,
        2500,
        4000
      ]
    }
  },
  "gate": {
    "pass": false,
    "alignment_fail_families": [],
    "order_fail_families": []
  },
  "baseline": {
    "transition_t": 2500,
    "has_transition": true,
    "diverges_from_fit": true
  },
  "label": "NO_TRANSITION",
  "notes": []
}