{
  "run_id": "GROKKING_TRANSITION_AUDIT_V0_1_Q0p995_SENS",
  "prereg_id": "GROKKING_TRANSITION_AUDIT_V0_1_Q0p995",
  "seed": "seed_155",
  "input_file": "data/real/seed_155.csv",
  "signal_lock": {
    "mode": "quantile",
    "quantiles": {
      "force": 0.995,
      "info": 0.995,
      "constraint": 0.995
    },
    "fixed_thresholds": {
      "force": null,
      "info": null,
      "constraint": null
    },
    "density_gate": {
      "min_rate": 0.001,
      "max_rate": 0.02
    }
  },
  "thresholds": {
    "primary": {
      "force": 1.7822383645689115,
      "info": 0.007363292488474782,
      "constraint": 0.063348271446863
    },
    "alt": {
      "force": 0.3743418416008353,
      "info": 0.017332906905224377,
      "constraint": 0.01499750249750248
    }
  },
  "event_density": {
    "primary": {
      "force": 0.0066555740432612314,
      "info": 0.0066555740432612314,
      "constraint": 0.0066555740432612314
    },
    "alt": {
      "force": 0.0066555740432612314,
      "info": 0.0066555740432612314,
      "constraint": 0.0066555740432612314
    }
  },
  "event_counts": {
    "primary": {
      "force": 4,
      "info": 4,
      "constraint": 4
    },
    "alt": {
      "force": 4,
      "info": 4,
      "constraint": 4
    }
  },
  "ptmss": {
    "primary_t": null,
    "family_t": {
      "primary": null,
      "alt": null
    },
    "family_order": {
      "primary": null,
      "alt": null
    },
    "family_candidate_count": {
      "primary": 0,
      "alt": 0
    },
    "primary_candidate_steps": [],
    "window_radius_steps": 20
  },
  "events": {
    "primary": {
      "force": [
        65500,
        66000,
        159500,
        160000
      ],
      "info": [
        500,
        2000,
        5000,
        9000
      ],
      "constraint": [
        500,
        133500,
        198000,
        240000
      ]
    },
    "alt": {
      "force": [
        4500,
        65500,
        68000,
        159500
      ],
      "info": [
        500,
        2000,
        5000,
        9000
      ],
      "constraint": [
        500,
        1000,
        2500,
        265000
      ]
    }
  },
  "gate": {
    "pass": false,
    "alignment_fail_families": [],
    "order_fail_families": []
  },
  "baseline": {
    "transition_t": 2500,
    "has_transition": true,
    "diverges_from_fit": true
  },
  "label": "NO_TRANSITION",
  "notes": []
}