{
  "run_id": "GROKKING_TRANSITION_AUDIT_V0_1_Q0p995_SENS",
  "prereg_id": "GROKKING_TRANSITION_AUDIT_V0_1_Q0p995",
  "seed": "seed_142",
  "input_file": "data/real/seed_142.csv",
  "signal_lock": {
    "mode": "quantile",
    "quantiles": {
      "force": 0.995,
      "info": 0.995,
      "constraint": 0.995
    },
    "fixed_thresholds": {
      "force": null,
      "info": null,
      "constraint": null
    },
    "density_gate": {
      "min_rate": 0.001,
      "max_rate": 0.02
    }
  },
  "thresholds": {
    "primary": {
      "force": 2.8586299857706763,
      "info": 0.007310605118724611,
      "constraint": 0.0628667029803128
    },
    "alt": {
      "force": 0.5828936421778053,
      "info": 0.01727797647279994,
      "constraint": 0.011824190350297414
    }
  },
  "event_density": {
    "primary": {
      "force": 0.0066555740432612314,
      "info": 0.0066555740432612314,
      "constraint": 0.0066555740432612314
    },
    "alt": {
      "force": 0.0066555740432612314,
      "info": 0.0066555740432612314,
      "constraint": 0.0066555740432612314
    }
  },
  "event_counts": {
    "primary": {
      "force": 4,
      "info": 4,
      "constraint": 4
    },
    "alt": {
      "force": 4,
      "info": 4,
      "constraint": 4
    }
  },
  "ptmss": {
    "primary_t": null,
    "family_t": {
      "primary": null,
      "alt": null
    },
    "family_order": {
      "primary": null,
      "alt": null
    },
    "family_candidate_count": {
      "primary": 0,
      "alt": 0
    },
    "primary_candidate_steps": [],
    "window_radius_steps": 20
  },
  "events": {
    "primary": {
      "force": [
        17500,
        18000,
        150000,
        150500
      ],
      "info": [
        500,
        2000,
        6000,
        9000
      ],
      "constraint": [
        500,
        148500,
        173000,
        254500
      ]
    },
    "alt": {
      "force": [
        17500,
        20000,
        150000,
        152500
      ],
      "info": [
        500,
        2000,
        6000,
        9000
      ],
      "constraint": [
        500,
        1000,
        2500,
        274500
      ]
    }
  },
  "gate": {
    "pass": false,
    "alignment_fail_families": [],
    "order_fail_families": []
  },
  "baseline": {
    "transition_t": 2500,
    "has_transition": true,
    "diverges_from_fit": true
  },
  "label": "NO_TRANSITION",
  "notes": []
}