{
  "run_id": "GROKKING_TRANSITION_AUDIT_V0_1_WR40_SENS",
  "prereg_id": "GROKKING_TRANSITION_AUDIT_V0_1_WR40",
  "seed": "seed_176",
  "input_file": "data/real/seed_176.csv",
  "signal_lock": {
    "mode": "quantile",
    "quantiles": {
      "force": 0.99,
      "info": 0.99,
      "constraint": 0.99
    },
    "fixed_thresholds": {
      "force": null,
      "info": null,
      "constraint": null
    },
    "density_gate": {
      "min_rate": 0.001,
      "max_rate": 0.02
    }
  },
  "thresholds": {
    "primary": {
      "force": 2.6068183520401362,
      "info": 0.004683930856397622,
      "constraint": 0.05514610389610389
    },
    "alt": {
      "force": 0.5340555507689714,
      "info": 0.01097760285915772,
      "constraint": 0.011787293643674368
    }
  },
  "event_density": {
    "primary": {
      "force": 0.011647254575707155,
      "info": 0.011647254575707155,
      "constraint": 0.011647254575707155
    },
    "alt": {
      "force": 0.011647254575707155,
      "info": 0.011647254575707155,
      "constraint": 0.011647254575707155
    }
  },
  "event_counts": {
    "primary": {
      "force": 7,
      "info": 7,
      "constraint": 7
    },
    "alt": {
      "force": 7,
      "info": 7,
      "constraint": 7
    }
  },
  "ptmss": {
    "primary_t": null,
    "family_t": {
      "primary": null,
      "alt": 1000
    },
    "family_order": {
      "primary": null,
      "alt": [
        "S1",
        "S2",
        "S3"
      ]
    },
    "family_candidate_count": {
      "primary": 0,
      "alt": 1
    },
    "primary_candidate_steps": [],
    "window_radius_steps": 40
  },
  "events": {
    "primary": {
      "force": [
        1000,
        1500,
        136500,
        137000,
        185500,
        262000,
        262500
      ],
      "info": [
        500,
        1000,
        5000,
        8500,
        12500,
        24000,
        219500
      ],
      "constraint": [
        500,
        28500,
        29000,
        163000,
        163500,
        255000,
        258500
      ]
    },
    "alt": {
      "force": [
        1000,
        1500,
        2000,
        3500,
        139000,
        262000,
        264500
      ],
      "info": [
        500,
        1000,
        5000,
        8500,
        12500,
        24000,
        219500
      ],
      "constraint": [
        500,
        1000,
        1500,
        2500,
        45500,
        96500,
        165500
      ]
    }
  },
  "gate": {
    "pass": false,
    "alignment_fail_families": [],
    "order_fail_families": []
  },
  "baseline": {
    "transition_t": 2500,
    "has_transition": true,
    "diverges_from_fit": true
  },
  "label": "NO_TRANSITION",
  "notes": []
}