{
  "run_id": "GROKKING_TRANSITION_AUDIT_V0_1_WR40_SENS",
  "prereg_id": "GROKKING_TRANSITION_AUDIT_V0_1_WR40",
  "seed": "seed_152",
  "input_file": "data/real/seed_152.csv",
  "signal_lock": {
    "mode": "quantile",
    "quantiles": {
      "force": 0.99,
      "info": 0.99,
      "constraint": 0.99
    },
    "fixed_thresholds": {
      "force": null,
      "info": null,
      "constraint": null
    },
    "density_gate": {
      "min_rate": 0.001,
      "max_rate": 0.02
    }
  },
  "thresholds": {
    "primary": {
      "force": 2.2050219374068547,
      "info": 0.005194691182332956,
      "constraint": 0.057377988863413026
    },
    "alt": {
      "force": 0.5100566018169048,
      "info": 0.012226905466211857,
      "constraint": 0.011690569317687943
    }
  },
  "event_density": {
    "primary": {
      "force": 0.011647254575707155,
      "info": 0.011647254575707155,
      "constraint": 0.011647254575707155
    },
    "alt": {
      "force": 0.011647254575707155,
      "info": 0.011647254575707155,
      "constraint": 0.011647254575707155
    }
  },
  "event_counts": {
    "primary": {
      "force": 7,
      "info": 7,
      "constraint": 7
    },
    "alt": {
      "force": 7,
      "info": 7,
      "constraint": 7
    }
  },
  "ptmss": {
    "primary_t": null,
    "family_t": {
      "primary": null,
      "alt": 1500
    },
    "family_order": {
      "primary": null,
      "alt": [
        "S1",
        "S2",
        "S3"
      ]
    },
    "family_candidate_count": {
      "primary": 0,
      "alt": 1
    },
    "primary_candidate_steps": [],
    "window_radius_steps": 40
  },
  "events": {
    "primary": {
      "force": [
        1000,
        1500,
        129000,
        196500,
        197000,
        212500,
        213000
      ],
      "info": [
        500,
        1500,
        5000,
        9000,
        13500,
        21500,
        158000
      ],
      "constraint": [
        500,
        71000,
        71500,
        111500,
        171000,
        223500,
        283000
      ]
    },
    "alt": {
      "force": [
        1000,
        1500,
        2000,
        3500,
        196500,
        212500,
        215000
      ],
      "info": [
        500,
        1500,
        5000,
        9000,
        13500,
        21500,
        158000
      ],
      "constraint": [
        500,
        1000,
        1500,
        2500,
        13000,
        225500,
        258000
      ]
    }
  },
  "gate": {
    "pass": false,
    "alignment_fail_families": [],
    "order_fail_families": []
  },
  "baseline": {
    "transition_t": 2500,
    "has_transition": true,
    "diverges_from_fit": true
  },
  "label": "NO_TRANSITION",
  "notes": []
}