{
  "run_id": "GROKKING_TRANSITION_AUDIT_V0_1_WR40_SENS",
  "prereg_id": "GROKKING_TRANSITION_AUDIT_V0_1_WR40",
  "seed": "seed_173",
  "input_file": "data/real/seed_173.csv",
  "signal_lock": {
    "mode": "quantile",
    "quantiles": {
      "force": 0.99,
      "info": 0.99,
      "constraint": 0.99
    },
    "fixed_thresholds": {
      "force": null,
      "info": null,
      "constraint": null
    },
    "density_gate": {
      "min_rate": 0.001,
      "max_rate": 0.02
    }
  },
  "thresholds": {
    "primary": {
      "force": 2.893398706568405,
      "info": 0.0043171991749736405,
      "constraint": 0.046759565384207225
    },
    "alt": {
      "force": 0.5760126604756806,
      "info": 0.010224120443516949,
      "constraint": 0.01098039215686275
    }
  },
  "event_density": {
    "primary": {
      "force": 0.011647254575707155,
      "info": 0.011647254575707155,
      "constraint": 0.011647254575707155
    },
    "alt": {
      "force": 0.011647254575707155,
      "info": 0.011647254575707155,
      "constraint": 0.011647254575707155
    }
  },
  "event_counts": {
    "primary": {
      "force": 7,
      "info": 7,
      "constraint": 7
    },
    "alt": {
      "force": 7,
      "info": 7,
      "constraint": 7
    }
  },
  "ptmss": {
    "primary_t": null,
    "family_t": {
      "primary": null,
      "alt": null
    },
    "family_order": {
      "primary": null,
      "alt": null
    },
    "family_candidate_count": {
      "primary": 0,
      "alt": 0
    },
    "primary_candidate_steps": [],
    "window_radius_steps": 40
  },
  "events": {
    "primary": {
      "force": [
        21000,
        21500,
        35000,
        35500,
        131500,
        289000,
        289500
      ],
      "info": [
        500,
        1500,
        5000,
        8500,
        13500,
        17500,
        103500
      ],
      "constraint": [
        500,
        85000,
        132000,
        132500,
        198500,
        267000,
        274000
      ]
    },
    "alt": {
      "force": [
        21000,
        23500,
        35000,
        37500,
        131500,
        289000,
        291500
      ],
      "info": [
        500,
        1500,
        5000,
        8500,
        13500,
        17500,
        103500
      ],
      "constraint": [
        500,
        1000,
        1500,
        2000,
        2500,
        55000,
        274000
      ]
    }
  },
  "gate": {
    "pass": false,
    "alignment_fail_families": [],
    "order_fail_families": []
  },
  "baseline": {
    "transition_t": 2500,
    "has_transition": true,
    "diverges_from_fit": true
  },
  "label": "NO_TRANSITION",
  "notes": []
}