{
  "run_id": "GROKKING_TRANSITION_AUDIT_V0_1_WR40_SENS",
  "prereg_id": "GROKKING_TRANSITION_AUDIT_V0_1_WR40",
  "seed": "seed_164",
  "input_file": "data/real/seed_164.csv",
  "signal_lock": {
    "mode": "quantile",
    "quantiles": {
      "force": 0.99,
      "info": 0.99,
      "constraint": 0.99
    },
    "fixed_thresholds": {
      "force": null,
      "info": null,
      "constraint": null
    },
    "density_gate": {
      "min_rate": 0.001,
      "max_rate": 0.02
    }
  },
  "thresholds": {
    "primary": {
      "force": 2.745053726815968,
      "info": 0.004546102164346033,
      "constraint": 0.05255332801226975
    },
    "alt": {
      "force": 0.5513663175806869,
      "info": 0.010806611135211863,
      "constraint": 0.010303030303030314
    }
  },
  "event_density": {
    "primary": {
      "force": 0.011647254575707155,
      "info": 0.011647254575707155,
      "constraint": 0.011647254575707155
    },
    "alt": {
      "force": 0.011647254575707155,
      "info": 0.011647254575707155,
      "constraint": 0.011647254575707155
    }
  },
  "event_counts": {
    "primary": {
      "force": 7,
      "info": 7,
      "constraint": 7
    },
    "alt": {
      "force": 7,
      "info": 7,
      "constraint": 7
    }
  },
  "ptmss": {
    "primary_t": null,
    "family_t": {
      "primary": null,
      "alt": null
    },
    "family_order": {
      "primary": null,
      "alt": null
    },
    "family_candidate_count": {
      "primary": 0,
      "alt": 0
    },
    "primary_candidate_steps": [],
    "window_radius_steps": 40
  },
  "events": {
    "primary": {
      "force": [
        55500,
        56000,
        73500,
        74000,
        218000,
        248500,
        249000
      ],
      "info": [
        500,
        1000,
        4000,
        8000,
        12000,
        23000,
        28500
      ],
      "constraint": [
        500,
        12000,
        43500,
        91500,
        124000,
        128500,
        150000
      ]
    },
    "alt": {
      "force": [
        55500,
        58000,
        73500,
        76000,
        217500,
        248500,
        251000
      ],
      "info": [
        500,
        1000,
        4000,
        8000,
        12000,
        23000,
        28500
      ],
      "constraint": [
        500,
        1000,
        1500,
        2500,
        48500,
        131000,
        292500
      ]
    }
  },
  "gate": {
    "pass": false,
    "alignment_fail_families": [],
    "order_fail_families": []
  },
  "baseline": {
    "transition_t": 2500,
    "has_transition": true,
    "diverges_from_fit": true
  },
  "label": "NO_TRANSITION",
  "notes": []
}