{
  "run_id": "GROKKING_TRANSITION_AUDIT_V0_1_WR40_SENS",
  "prereg_id": "GROKKING_TRANSITION_AUDIT_V0_1_WR40",
  "seed": "seed_155",
  "input_file": "data/real/seed_155.csv",
  "signal_lock": {
    "mode": "quantile",
    "quantiles": {
      "force": 0.99,
      "info": 0.99,
      "constraint": 0.99
    },
    "fixed_thresholds": {
      "force": null,
      "info": null,
      "constraint": null
    },
    "density_gate": {
      "min_rate": 0.001,
      "max_rate": 0.02
    }
  },
  "thresholds": {
    "primary": {
      "force": 1.4859066798817366,
      "info": 0.0045301986110243275,
      "constraint": 0.05816542313370307
    },
    "alt": {
      "force": 0.3351860066875816,
      "info": 0.01076554038298605,
      "constraint": 0.012957649809406113
    }
  },
  "event_density": {
    "primary": {
      "force": 0.011647254575707155,
      "info": 0.011647254575707155,
      "constraint": 0.011647254575707155
    },
    "alt": {
      "force": 0.011647254575707155,
      "info": 0.011647254575707155,
      "constraint": 0.011647254575707155
    }
  },
  "event_counts": {
    "primary": {
      "force": 7,
      "info": 7,
      "constraint": 7
    },
    "alt": {
      "force": 7,
      "info": 7,
      "constraint": 7
    }
  },
  "ptmss": {
    "primary_t": null,
    "family_t": {
      "primary": null,
      "alt": null
    },
    "family_order": {
      "primary": null,
      "alt": null
    },
    "family_candidate_count": {
      "primary": 0,
      "alt": 0
    },
    "primary_candidate_steps": [],
    "window_radius_steps": 40
  },
  "events": {
    "primary": {
      "force": [
        2000,
        2500,
        65500,
        66000,
        159500,
        160000,
        256000
      ],
      "info": [
        500,
        2000,
        5000,
        9000,
        13000,
        20000,
        288500
      ],
      "constraint": [
        500,
        133500,
        152000,
        197500,
        198000,
        240000,
        246500
      ]
    },
    "alt": {
      "force": [
        2500,
        3000,
        4500,
        65500,
        68000,
        159500,
        162000
      ],
      "info": [
        500,
        2000,
        5000,
        9000,
        13000,
        20000,
        288500
      ],
      "constraint": [
        500,
        1000,
        1500,
        2500,
        133500,
        215500,
        265000
      ]
    }
  },
  "gate": {
    "pass": false,
    "alignment_fail_families": [],
    "order_fail_families": []
  },
  "baseline": {
    "transition_t": 2500,
    "has_transition": true,
    "diverges_from_fit": true
  },
  "label": "NO_TRANSITION",
  "notes": []
}