{
  "run_id": "GROKKING_TRANSITION_AUDIT_V0_1_WR40_SENS",
  "prereg_id": "GROKKING_TRANSITION_AUDIT_V0_1_WR40",
  "seed": "seed_158",
  "input_file": "data/real/seed_158.csv",
  "signal_lock": {
    "mode": "quantile",
    "quantiles": {
      "force": 0.99,
      "info": 0.99,
      "constraint": 0.99
    },
    "fixed_thresholds": {
      "force": null,
      "info": null,
      "constraint": null
    },
    "density_gate": {
      "min_rate": 0.001,
      "max_rate": 0.02
    }
  },
  "thresholds": {
    "primary": {
      "force": 2.152922028544708,
      "info": 0.005626333414293971,
      "constraint": 0.057401764743223505
    },
    "alt": {
      "force": 0.42552233339083617,
      "info": 0.013292963864764307,
      "constraint": 0.01240611240611239
    }
  },
  "event_density": {
    "primary": {
      "force": 0.011647254575707155,
      "info": 0.011647254575707155,
      "constraint": 0.011647254575707155
    },
    "alt": {
      "force": 0.011647254575707155,
      "info": 0.011647254575707155,
      "constraint": 0.011647254575707155
    }
  },
  "event_counts": {
    "primary": {
      "force": 7,
      "info": 7,
      "constraint": 7
    },
    "alt": {
      "force": 7,
      "info": 7,
      "constraint": 7
    }
  },
  "ptmss": {
    "primary_t": null,
    "family_t": {
      "primary": null,
      "alt": null
    },
    "family_order": {
      "primary": null,
      "alt": null
    },
    "family_candidate_count": {
      "primary": 0,
      "alt": 0
    },
    "primary_candidate_steps": [],
    "window_radius_steps": 40
  },
  "events": {
    "primary": {
      "force": [
        54500,
        55000,
        59500,
        60000,
        93500,
        94000,
        221500
      ],
      "info": [
        500,
        2000,
        5500,
        10000,
        13500,
        18000,
        40500
      ],
      "constraint": [
        500,
        38000,
        62500,
        66000,
        68000,
        229000,
        243500
      ]
    },
    "alt": {
      "force": [
        54500,
        57000,
        59500,
        62000,
        93500,
        96000,
        221500
      ],
      "info": [
        500,
        2000,
        5500,
        10000,
        13500,
        18000,
        40500
      ],
      "constraint": [
        500,
        1000,
        1500,
        2500,
        19500,
        28500,
        236000
      ]
    }
  },
  "gate": {
    "pass": false,
    "alignment_fail_families": [],
    "order_fail_families": []
  },
  "baseline": {
    "transition_t": 2500,
    "has_transition": true,
    "diverges_from_fit": true
  },
  "label": "NO_TRANSITION",
  "notes": []
}