{
  "run_id": "GROKKING_TRANSITION_AUDIT_V0_1_WR40_SENS",
  "prereg_id": "GROKKING_TRANSITION_AUDIT_V0_1_WR40",
  "seed": "seed_156",
  "input_file": "data/real/seed_156.csv",
  "signal_lock": {
    "mode": "quantile",
    "quantiles": {
      "force": 0.99,
      "info": 0.99,
      "constraint": 0.99
    },
    "fixed_thresholds": {
      "force": null,
      "info": null,
      "constraint": null
    },
    "density_gate": {
      "min_rate": 0.001,
      "max_rate": 0.02
    }
  },
  "thresholds": {
    "primary": {
      "force": 4.1886438866495155,
      "info": 0.005740019801488527,
      "constraint": 0.061797752808988776
    },
    "alt": {
      "force": 0.8386281605344267,
      "info": 0.01362185205316635,
      "constraint": 0.013225672877846817
    }
  },
  "event_density": {
    "primary": {
      "force": 0.011647254575707155,
      "info": 0.011647254575707155,
      "constraint": 0.011647254575707155
    },
    "alt": {
      "force": 0.011647254575707155,
      "info": 0.011647254575707155,
      "constraint": 0.011647254575707155
    }
  },
  "event_counts": {
    "primary": {
      "force": 7,
      "info": 7,
      "constraint": 7
    },
    "alt": {
      "force": 7,
      "info": 7,
      "constraint": 7
    }
  },
  "ptmss": {
    "primary_t": null,
    "family_t": {
      "primary": null,
      "alt": null
    },
    "family_order": {
      "primary": null,
      "alt": null
    },
    "family_candidate_count": {
      "primary": 0,
      "alt": 0
    },
    "primary_candidate_steps": [],
    "window_radius_steps": 40
  },
  "events": {
    "primary": {
      "force": [
        17500,
        18000,
        32000,
        32500,
        37000,
        37500,
        81000
      ],
      "info": [
        500,
        2000,
        5500,
        9000,
        13500,
        22500,
        32500
      ],
      "constraint": [
        500,
        15000,
        31500,
        152000,
        197500,
        251000,
        299000
      ]
    },
    "alt": {
      "force": [
        17500,
        20000,
        32000,
        34500,
        37000,
        39500,
        83500
      ],
      "info": [
        500,
        2000,
        5500,
        9000,
        13500,
        22500,
        32500
      ],
      "constraint": [
        500,
        1000,
        1500,
        2500,
        66000,
        144000,
        185000
      ]
    }
  },
  "gate": {
    "pass": false,
    "alignment_fail_families": [],
    "order_fail_families": []
  },
  "baseline": {
    "transition_t": 2500,
    "has_transition": true,
    "diverges_from_fit": true
  },
  "label": "NO_TRANSITION",
  "notes": []
}