{
  "run_id": "GROKKING_TRANSITION_AUDIT_V0_1_WR40_SENS",
  "prereg_id": "GROKKING_TRANSITION_AUDIT_V0_1_WR40",
  "seed": "seed_143",
  "input_file": "data/real/seed_143.csv",
  "signal_lock": {
    "mode": "quantile",
    "quantiles": {
      "force": 0.99,
      "info": 0.99,
      "constraint": 0.99
    },
    "fixed_thresholds": {
      "force": null,
      "info": null,
      "constraint": null
    },
    "density_gate": {
      "min_rate": 0.001,
      "max_rate": 0.02
    }
  },
  "thresholds": {
    "primary": {
      "force": 2.576996798889013,
      "info": 0.00499261867035905,
      "constraint": 0.059468051451014275
    },
    "alt": {
      "force": 0.5140980156138539,
      "info": 0.011778143750232672,
      "constraint": 0.012832726697262209
    }
  },
  "event_density": {
    "primary": {
      "force": 0.011647254575707155,
      "info": 0.011647254575707155,
      "constraint": 0.011647254575707155
    },
    "alt": {
      "force": 0.011647254575707155,
      "info": 0.011647254575707155,
      "constraint": 0.011647254575707155
    }
  },
  "event_counts": {
    "primary": {
      "force": 7,
      "info": 7,
      "constraint": 7
    },
    "alt": {
      "force": 7,
      "info": 7,
      "constraint": 7
    }
  },
  "ptmss": {
    "primary_t": null,
    "family_t": {
      "primary": null,
      "alt": null
    },
    "family_order": {
      "primary": null,
      "alt": null
    },
    "family_candidate_count": {
      "primary": 0,
      "alt": 0
    },
    "primary_candidate_steps": [],
    "window_radius_steps": 40
  },
  "events": {
    "primary": {
      "force": [
        22000,
        22500,
        117500,
        123000,
        123500,
        180500,
        181000
      ],
      "info": [
        500,
        2000,
        5500,
        8500,
        12000,
        17000,
        278000
      ],
      "constraint": [
        500,
        22000,
        90500,
        112500,
        117500,
        118000,
        180500
      ]
    },
    "alt": {
      "force": [
        22000,
        24500,
        117500,
        123000,
        125500,
        180500,
        183000
      ],
      "info": [
        500,
        2000,
        5500,
        8500,
        12000,
        17000,
        278000
      ],
      "constraint": [
        500,
        1000,
        2500,
        22000,
        92500,
        117500,
        120000
      ]
    }
  },
  "gate": {
    "pass": false,
    "alignment_fail_families": [],
    "order_fail_families": []
  },
  "baseline": {
    "transition_t": 2500,
    "has_transition": true,
    "diverges_from_fit": true
  },
  "label": "NO_TRANSITION",
  "notes": []
}