{
  "run_id": "GROKKING_TRANSITION_AUDIT_V0_1_Q0p98_SENS",
  "prereg_id": "GROKKING_TRANSITION_AUDIT_V0_1_Q0p98",
  "seed": "seed_166",
  "input_file": "data/real/seed_166.csv",
  "signal_lock": {
    "mode": "quantile",
    "quantiles": {
      "force": 0.98,
      "info": 0.98,
      "constraint": 0.98
    },
    "fixed_thresholds": {
      "force": null,
      "info": null,
      "constraint": null
    },
    "density_gate": {
      "min_rate": 0.001,
      "max_rate": 0.02
    }
  },
  "thresholds": {
    "primary": {
      "force": 1.7470822231844068,
      "info": 0.004126445202895401,
      "constraint": 0.046542443064182204
    },
    "alt": {
      "force": 0.3910369712393731,
      "info": 0.009828140270878638,
      "constraint": 0.00966292134831459
    }
  },
  "event_density": {
    "primary": {
      "force": 0.021630615640599003,
      "info": 0.021630615640599003,
      "constraint": 0.021630615640599003
    },
    "alt": {
      "force": 0.021630615640599003,
      "info": 0.021630615640599003,
      "constraint": 0.021630615640599003
    }
  },
  "event_counts": {
    "primary": {
      "force": 13,
      "info": 13,
      "constraint": 13
    },
    "alt": {
      "force": 13,
      "info": 13,
      "constraint": 13
    }
  },
  "ptmss": {
    "primary_t": 8000,
    "family_t": {
      "primary": 8000,
      "alt": 1500
    },
    "family_order": {
      "primary": [
        "S1",
        "S2",
        "S3"
      ],
      "alt": [
        "S1",
        "S2",
        "S3"
      ]
    },
    "family_candidate_count": {
      "primary": 1,
      "alt": 1
    },
    "primary_candidate_steps": [
      8000
    ],
    "window_radius_steps": 20
  },
  "events": {
    "primary": {
      "force": [
        1000,
        1500,
        2000,
        5000,
        5500,
        8000,
        8500,
        32500,
        33000,
        54500,
        55000,
        185500,
        186000
      ],
      "info": [
        500,
        1500,
        5000,
        5500,
        8000,
        12500,
        18000,
        22500,
        27000,
        33000,
        37000,
        46000,
        64500
      ],
      "constraint": [
        500,
        8000,
        8500,
        36000,
        55000,
        70000,
        128500,
        129000,
        144500,
        152500,
        172500,
        173500,
        174000
      ]
    },
    "alt": {
      "force": [
        1000,
        1500,
        2000,
        2500,
        3000,
        4000,
        5000,
        7500,
        8000,
        10500,
        32500,
        35000,
        57000
      ],
      "info": [
        500,
        1500,
        5000,
        5500,
        8000,
        12500,
        18000,
        22500,
        27000,
        33000,
        37000,
        46000,
        64500
      ],
      "constraint": [
        500,
        1000,
        1500,
        2500,
        36000,
        59500,
        62000,
        90000,
        92500,
        119000,
        193000,
        197000,
        274000
      ]
    }
  },
  "gate": {
    "pass": false,
    "alignment_fail_families": [
      "alt"
    ],
    "order_fail_families": []
  },
  "baseline": {
    "transition_t": 2500,
    "has_transition": true,
    "diverges_from_fit": true
  },
  "label": "INCONCLUSIVE",
  "notes": [
    "density_gate_fail:primary",
    "density_gate_fail:alt"
  ]
}