{
  "run_id": "GROKKING_TRANSITION_AUDIT_V0_1_Q0p98_SENS",
  "prereg_id": "GROKKING_TRANSITION_AUDIT_V0_1_Q0p98",
  "seed": "seed_171",
  "input_file": "data/real/seed_171.csv",
  "signal_lock": {
    "mode": "quantile",
    "quantiles": {
      "force": 0.98,
      "info": 0.98,
      "constraint": 0.98
    },
    "fixed_thresholds": {
      "force": null,
      "info": null,
      "constraint": null
    },
    "density_gate": {
      "min_rate": 0.001,
      "max_rate": 0.02
    }
  },
  "thresholds": {
    "primary": {
      "force": 2.2969324730802327,
      "info": 0.003658466489826928,
      "constraint": 0.05040472721385786
    },
    "alt": {
      "force": 0.4727724282769486,
      "info": 0.008689073198693276,
      "constraint": 0.010798628745556121
    }
  },
  "event_density": {
    "primary": {
      "force": 0.021630615640599003,
      "info": 0.021630615640599003,
      "constraint": 0.021630615640599003
    },
    "alt": {
      "force": 0.021630615640599003,
      "info": 0.021630615640599003,
      "constraint": 0.021630615640599003
    }
  },
  "event_counts": {
    "primary": {
      "force": 13,
      "info": 13,
      "constraint": 13
    },
    "alt": {
      "force": 13,
      "info": 13,
      "constraint": 13
    }
  },
  "ptmss": {
    "primary_t": null,
    "family_t": {
      "primary": null,
      "alt": null
    },
    "family_order": {
      "primary": null,
      "alt": null
    },
    "family_candidate_count": {
      "primary": 0,
      "alt": 0
    },
    "primary_candidate_steps": [],
    "window_radius_steps": 20
  },
  "events": {
    "primary": {
      "force": [
        22000,
        26000,
        26500,
        44000,
        44500,
        52500,
        53000,
        106000,
        106500,
        175500,
        176000,
        276000,
        276500
      ],
      "info": [
        500,
        1500,
        5000,
        9500,
        14000,
        18500,
        22000,
        26500,
        31000,
        36000,
        41000,
        56500,
        239500
      ],
      "constraint": [
        500,
        7500,
        26000,
        63000,
        85500,
        106000,
        106500,
        113000,
        168500,
        238000,
        238500,
        278000,
        278500
      ]
    },
    "alt": {
      "force": [
        24500,
        26000,
        28500,
        44000,
        46500,
        52500,
        55000,
        106000,
        108500,
        175500,
        178000,
        276000,
        278500
      ],
      "info": [
        500,
        1500,
        5000,
        9500,
        14000,
        18500,
        22000,
        26500,
        31000,
        36000,
        41000,
        48500,
        56500
      ],
      "constraint": [
        500,
        1000,
        1500,
        2000,
        2500,
        26000,
        28500,
        87500,
        178000,
        238000,
        240500,
        267000,
        287500
      ]
    }
  },
  "gate": {
    "pass": false,
    "alignment_fail_families": [],
    "order_fail_families": []
  },
  "baseline": {
    "transition_t": 2500,
    "has_transition": true,
    "diverges_from_fit": true
  },
  "label": "INCONCLUSIVE",
  "notes": [
    "density_gate_fail:primary",
    "density_gate_fail:alt"
  ]
}