{
  "run_id": "GROKKING_TRANSITION_AUDIT_V0_1_Q0p98_SENS",
  "prereg_id": "GROKKING_TRANSITION_AUDIT_V0_1_Q0p98",
  "seed": "seed_175",
  "input_file": "data/real/seed_175.csv",
  "signal_lock": {
    "mode": "quantile",
    "quantiles": {
      "force": 0.98,
      "info": 0.98,
      "constraint": 0.98
    },
    "fixed_thresholds": {
      "force": null,
      "info": null,
      "constraint": null
    },
    "density_gate": {
      "min_rate": 0.001,
      "max_rate": 0.02
    }
  },
  "thresholds": {
    "primary": {
      "force": 1.0652521783849807,
      "info": 0.004047864702492965,
      "constraint": 0.05295862607338017
    },
    "alt": {
      "force": 0.25508676721947265,
      "info": 0.009659525573170846,
      "constraint": 0.010905183991404804
    }
  },
  "event_density": {
    "primary": {
      "force": 0.021630615640599003,
      "info": 0.021630615640599003,
      "constraint": 0.021630615640599003
    },
    "alt": {
      "force": 0.021630615640599003,
      "info": 0.021630615640599003,
      "constraint": 0.021630615640599003
    }
  },
  "event_counts": {
    "primary": {
      "force": 13,
      "info": 13,
      "constraint": 13
    },
    "alt": {
      "force": 13,
      "info": 13,
      "constraint": 13
    }
  },
  "ptmss": {
    "primary_t": null,
    "family_t": {
      "primary": null,
      "alt": null
    },
    "family_order": {
      "primary": null,
      "alt": null
    },
    "family_candidate_count": {
      "primary": 0,
      "alt": 0
    },
    "primary_candidate_steps": [],
    "window_radius_steps": 20
  },
  "events": {
    "primary": {
      "force": [
        67500,
        68000,
        116000,
        116500,
        177000,
        177500,
        204500,
        205000,
        226000,
        226500,
        281500,
        298500,
        299000
      ],
      "info": [
        500,
        1500,
        5500,
        9000,
        12000,
        16500,
        20000,
        25000,
        30000,
        43500,
        48000,
        265000,
        299000
      ],
      "constraint": [
        500,
        58500,
        70500,
        124500,
        151000,
        164000,
        229000,
        241000,
        241500,
        245500,
        257000,
        281000,
        281500
      ]
    },
    "alt": {
      "force": [
        1000,
        2500,
        3000,
        67500,
        70000,
        116000,
        118500,
        179500,
        204500,
        207000,
        226000,
        228500,
        298500
      ],
      "info": [
        500,
        1500,
        5500,
        9000,
        12000,
        16500,
        20000,
        25000,
        30000,
        43500,
        48000,
        265000,
        299000
      ],
      "constraint": [
        500,
        1000,
        1500,
        2500,
        34500,
        41500,
        85000,
        128000,
        186000,
        266500,
        280500,
        283500,
        296000
      ]
    }
  },
  "gate": {
    "pass": false,
    "alignment_fail_families": [],
    "order_fail_families": []
  },
  "baseline": {
    "transition_t": 2500,
    "has_transition": true,
    "diverges_from_fit": true
  },
  "label": "INCONCLUSIVE",
  "notes": [
    "density_gate_fail:primary",
    "density_gate_fail:alt"
  ]
}