{
  "run_id": "GROKKING_TRANSITION_AUDIT_V0_1_Q0p98_SENS",
  "prereg_id": "GROKKING_TRANSITION_AUDIT_V0_1_Q0p98",
  "seed": "seed_151",
  "input_file": "data/real/seed_151.csv",
  "signal_lock": {
    "mode": "quantile",
    "quantiles": {
      "force": 0.98,
      "info": 0.98,
      "constraint": 0.98
    },
    "fixed_thresholds": {
      "force": null,
      "info": null,
      "constraint": null
    },
    "density_gate": {
      "min_rate": 0.001,
      "max_rate": 0.02
    }
  },
  "thresholds": {
    "primary": {
      "force": 1.8486679933266714,
      "info": 0.00404828672197588,
      "constraint": 0.0559598821211677
    },
    "alt": {
      "force": 0.3864493185188622,
      "info": 0.00958706940051135,
      "constraint": 0.011430904266176767
    }
  },
  "event_density": {
    "primary": {
      "force": 0.021630615640599003,
      "info": 0.021630615640599003,
      "constraint": 0.021630615640599003
    },
    "alt": {
      "force": 0.021630615640599003,
      "info": 0.021630615640599003,
      "constraint": 0.021630615640599003
    }
  },
  "event_counts": {
    "primary": {
      "force": 13,
      "info": 13,
      "constraint": 13
    },
    "alt": {
      "force": 13,
      "info": 13,
      "constraint": 13
    }
  },
  "ptmss": {
    "primary_t": null,
    "family_t": {
      "primary": null,
      "alt": null
    },
    "family_order": {
      "primary": null,
      "alt": null
    },
    "family_candidate_count": {
      "primary": 0,
      "alt": 0
    },
    "primary_candidate_steps": [],
    "window_radius_steps": 20
  },
  "events": {
    "primary": {
      "force": [
        9000,
        9500,
        13000,
        30500,
        31000,
        76000,
        76500,
        80000,
        80500,
        218000,
        218500,
        295000,
        295500
      ],
      "info": [
        500,
        1000,
        1500,
        5000,
        9000,
        13500,
        17500,
        22000,
        27000,
        31000,
        35000,
        127000,
        209000
      ],
      "constraint": [
        500,
        9500,
        43000,
        51000,
        89000,
        91000,
        170000,
        218500,
        237000,
        237500,
        278000,
        278500,
        282000
      ]
    },
    "alt": {
      "force": [
        3000,
        9000,
        11500,
        30500,
        33000,
        76000,
        78500,
        80000,
        82500,
        218000,
        220500,
        295000,
        297500
      ],
      "info": [
        500,
        1500,
        5000,
        9000,
        13500,
        17500,
        22000,
        27000,
        31000,
        35000,
        39500,
        127000,
        209000
      ],
      "constraint": [
        500,
        1000,
        1500,
        2500,
        82500,
        85000,
        199500,
        233000,
        239500,
        259000,
        273500,
        282000,
        297500
      ]
    }
  },
  "gate": {
    "pass": false,
    "alignment_fail_families": [],
    "order_fail_families": []
  },
  "baseline": {
    "transition_t": 2500,
    "has_transition": true,
    "diverges_from_fit": true
  },
  "label": "INCONCLUSIVE",
  "notes": [
    "density_gate_fail:primary",
    "density_gate_fail:alt"
  ]
}