{
  "run_id": "GROKKING_TRANSITION_AUDIT_V0_1_Q0p98_SENS",
  "prereg_id": "GROKKING_TRANSITION_AUDIT_V0_1_Q0p98",
  "seed": "seed_176",
  "input_file": "data/real/seed_176.csv",
  "signal_lock": {
    "mode": "quantile",
    "quantiles": {
      "force": 0.98,
      "info": 0.98,
      "constraint": 0.98
    },
    "fixed_thresholds": {
      "force": null,
      "info": null,
      "constraint": null
    },
    "density_gate": {
      "min_rate": 0.001,
      "max_rate": 0.02
    }
  },
  "thresholds": {
    "primary": {
      "force": 1.2463772529154085,
      "info": 0.0037240127670051804,
      "constraint": 0.04777805885825109
    },
    "alt": {
      "force": 0.31977755806292407,
      "info": 0.008814661078700325,
      "constraint": 0.010488823384917717
    }
  },
  "event_density": {
    "primary": {
      "force": 0.021630615640599003,
      "info": 0.021630615640599003,
      "constraint": 0.021630615640599003
    },
    "alt": {
      "force": 0.021630615640599003,
      "info": 0.021630615640599003,
      "constraint": 0.021630615640599003
    }
  },
  "event_counts": {
    "primary": {
      "force": 13,
      "info": 13,
      "constraint": 13
    },
    "alt": {
      "force": 13,
      "info": 13,
      "constraint": 13
    }
  },
  "ptmss": {
    "primary_t": null,
    "family_t": {
      "primary": null,
      "alt": 1000
    },
    "family_order": {
      "primary": null,
      "alt": [
        "S1",
        "S2",
        "S3"
      ]
    },
    "family_candidate_count": {
      "primary": 0,
      "alt": 1
    },
    "primary_candidate_steps": [],
    "window_radius_steps": 20
  },
  "events": {
    "primary": {
      "force": [
        1000,
        1500,
        38500,
        43000,
        43500,
        136500,
        137000,
        180000,
        180500,
        185500,
        186000,
        262000,
        262500
      ],
      "info": [
        500,
        1000,
        5000,
        8500,
        12500,
        16000,
        19500,
        24000,
        29000,
        38500,
        43500,
        219500,
        231500
      ],
      "constraint": [
        500,
        28500,
        29000,
        34500,
        52500,
        94000,
        103000,
        128500,
        163000,
        163500,
        218000,
        255000,
        258500
      ]
    },
    "alt": {
      "force": [
        1000,
        1500,
        2000,
        2500,
        3000,
        3500,
        136500,
        139000,
        180000,
        185500,
        188000,
        262000,
        264500
      ],
      "info": [
        500,
        1000,
        5000,
        8500,
        12500,
        16000,
        19500,
        24000,
        29000,
        33000,
        38500,
        43500,
        219500
      ],
      "constraint": [
        500,
        1000,
        1500,
        2500,
        28500,
        45500,
        96500,
        109500,
        128000,
        144000,
        158000,
        165500,
        223500
      ]
    }
  },
  "gate": {
    "pass": false,
    "alignment_fail_families": [],
    "order_fail_families": []
  },
  "baseline": {
    "transition_t": 2500,
    "has_transition": true,
    "diverges_from_fit": true
  },
  "label": "INCONCLUSIVE",
  "notes": [
    "density_gate_fail:primary",
    "density_gate_fail:alt"
  ]
}