{
  "run_id": "GROKKING_TRANSITION_AUDIT_V0_1_Q0p98_SENS",
  "prereg_id": "GROKKING_TRANSITION_AUDIT_V0_1_Q0p98",
  "seed": "seed_141",
  "input_file": "data/real/seed_141.csv",
  "signal_lock": {
    "mode": "quantile",
    "quantiles": {
      "force": 0.98,
      "info": 0.98,
      "constraint": 0.98
    },
    "fixed_thresholds": {
      "force": null,
      "info": null,
      "constraint": null
    },
    "density_gate": {
      "min_rate": 0.001,
      "max_rate": 0.02
    }
  },
  "thresholds": {
    "primary": {
      "force": 0.8205758803524077,
      "info": 0.0041567450970306785,
      "constraint": 0.047583519196120305
    },
    "alt": {
      "force": 0.2897313139867037,
      "info": 0.009877967618041605,
      "constraint": 0.011546459271387643
    }
  },
  "event_density": {
    "primary": {
      "force": 0.021630615640599003,
      "info": 0.021630615640599003,
      "constraint": 0.021630615640599003
    },
    "alt": {
      "force": 0.021630615640599003,
      "info": 0.021630615640599003,
      "constraint": 0.021630615640599003
    }
  },
  "event_counts": {
    "primary": {
      "force": 13,
      "info": 13,
      "constraint": 13
    },
    "alt": {
      "force": 13,
      "info": 13,
      "constraint": 13
    }
  },
  "ptmss": {
    "primary_t": null,
    "family_t": {
      "primary": null,
      "alt": null
    },
    "family_order": {
      "primary": null,
      "alt": null
    },
    "family_candidate_count": {
      "primary": 0,
      "alt": 0
    },
    "primary_candidate_steps": [],
    "window_radius_steps": 20
  },
  "events": {
    "primary": {
      "force": [
        1000,
        11500,
        12000,
        87500,
        88000,
        140500,
        141000,
        177500,
        178000,
        262500,
        263000,
        288000,
        288500
      ],
      "info": [
        500,
        1500,
        4500,
        8000,
        12000,
        16000,
        20500,
        25000,
        30500,
        39500,
        49500,
        64000,
        130000
      ],
      "constraint": [
        500,
        35500,
        41000,
        61000,
        69500,
        109500,
        166500,
        181000,
        186000,
        195000,
        238000,
        244000,
        282000
      ]
    },
    "alt": {
      "force": [
        1000,
        2500,
        3000,
        11500,
        14000,
        87500,
        90000,
        177500,
        180000,
        262500,
        265000,
        288000,
        290500
      ],
      "info": [
        500,
        1500,
        4500,
        8000,
        12000,
        16000,
        20500,
        25000,
        30500,
        39500,
        49500,
        64000,
        130000
      ],
      "constraint": [
        500,
        1000,
        1500,
        2500,
        21500,
        37500,
        66000,
        72000,
        90000,
        169000,
        178500,
        194500,
        256500
      ]
    }
  },
  "gate": {
    "pass": false,
    "alignment_fail_families": [],
    "order_fail_families": []
  },
  "baseline": {
    "transition_t": 2500,
    "has_transition": true,
    "diverges_from_fit": true
  },
  "label": "INCONCLUSIVE",
  "notes": [
    "density_gate_fail:primary",
    "density_gate_fail:alt"
  ]
}