{
  "run_id": "GROKKING_TRANSITION_AUDIT_V0_1_Q0p98_SENS",
  "prereg_id": "GROKKING_TRANSITION_AUDIT_V0_1_Q0p98",
  "seed": "seed_178",
  "input_file": "data/real/seed_178.csv",
  "signal_lock": {
    "mode": "quantile",
    "quantiles": {
      "force": 0.98,
      "info": 0.98,
      "constraint": 0.98
    },
    "fixed_thresholds": {
      "force": null,
      "info": null,
      "constraint": null
    },
    "density_gate": {
      "min_rate": 0.001,
      "max_rate": 0.02
    }
  },
  "thresholds": {
    "primary": {
      "force": 2.0783848312858026,
      "info": 0.004098997497987811,
      "constraint": 0.0444852597827102
    },
    "alt": {
      "force": 0.41781977127538994,
      "info": 0.009713921911945533,
      "constraint": 0.010016969285593091
    }
  },
  "event_density": {
    "primary": {
      "force": 0.021630615640599003,
      "info": 0.021630615640599003,
      "constraint": 0.021630615640599003
    },
    "alt": {
      "force": 0.021630615640599003,
      "info": 0.021630615640599003,
      "constraint": 0.021630615640599003
    }
  },
  "event_counts": {
    "primary": {
      "force": 13,
      "info": 13,
      "constraint": 13
    },
    "alt": {
      "force": 13,
      "info": 13,
      "constraint": 13
    }
  },
  "ptmss": {
    "primary_t": null,
    "family_t": {
      "primary": null,
      "alt": null
    },
    "family_order": {
      "primary": null,
      "alt": null
    },
    "family_candidate_count": {
      "primary": 0,
      "alt": 0
    },
    "primary_candidate_steps": [],
    "window_radius_steps": 20
  },
  "events": {
    "primary": {
      "force": [
        17500,
        18000,
        78000,
        78500,
        111500,
        112000,
        130500,
        150000,
        150500,
        186000,
        186500,
        207500,
        208000
      ],
      "info": [
        500,
        2000,
        5000,
        9000,
        13500,
        18000,
        22500,
        27000,
        32000,
        40000,
        176500,
        287500,
        293000
      ],
      "constraint": [
        500,
        6000,
        15000,
        26000,
        27000,
        78500,
        81000,
        95000,
        129500,
        155000,
        171500,
        230500,
        283500
      ]
    },
    "alt": {
      "force": [
        17500,
        20000,
        78000,
        80500,
        111500,
        114000,
        130500,
        150000,
        152500,
        186000,
        188500,
        207500,
        210000
      ],
      "info": [
        500,
        2000,
        5000,
        9000,
        13500,
        18000,
        22500,
        27000,
        32000,
        40000,
        176500,
        287500,
        293000
      ],
      "constraint": [
        500,
        1000,
        1500,
        2000,
        2500,
        6000,
        17500,
        83500,
        86000,
        95000,
        151500,
        232500,
        289000
      ]
    }
  },
  "gate": {
    "pass": false,
    "alignment_fail_families": [],
    "order_fail_families": []
  },
  "baseline": {
    "transition_t": 2500,
    "has_transition": true,
    "diverges_from_fit": true
  },
  "label": "INCONCLUSIVE",
  "notes": [
    "density_gate_fail:primary",
    "density_gate_fail:alt"
  ]
}