{
  "run_id": "GROKKING_TRANSITION_AUDIT_V0_1_Q0p98_SENS",
  "prereg_id": "GROKKING_TRANSITION_AUDIT_V0_1_Q0p98",
  "seed": "seed_179",
  "input_file": "data/real/seed_179.csv",
  "signal_lock": {
    "mode": "quantile",
    "quantiles": {
      "force": 0.98,
      "info": 0.98,
      "constraint": 0.98
    },
    "fixed_thresholds": {
      "force": null,
      "info": null,
      "constraint": null
    },
    "density_gate": {
      "min_rate": 0.001,
      "max_rate": 0.02
    }
  },
  "thresholds": {
    "primary": {
      "force": 0.5864784908480942,
      "info": 0.0036396266105870323,
      "constraint": 0.055977643873897476
    },
    "alt": {
      "force": 0.3507377476780675,
      "info": 0.008592970755895823,
      "constraint": 0.01081350442257381
    }
  },
  "event_density": {
    "primary": {
      "force": 0.021630615640599003,
      "info": 0.021630615640599003,
      "constraint": 0.021630615640599003
    },
    "alt": {
      "force": 0.021630615640599003,
      "info": 0.021630615640599003,
      "constraint": 0.021630615640599003
    }
  },
  "event_counts": {
    "primary": {
      "force": 13,
      "info": 13,
      "constraint": 13
    },
    "alt": {
      "force": 13,
      "info": 13,
      "constraint": 13
    }
  },
  "ptmss": {
    "primary_t": null,
    "family_t": {
      "primary": null,
      "alt": null
    },
    "family_order": {
      "primary": null,
      "alt": null
    },
    "family_candidate_count": {
      "primary": 0,
      "alt": 0
    },
    "primary_candidate_steps": [],
    "window_radius_steps": 20
  },
  "events": {
    "primary": {
      "force": [
        1000,
        2500,
        6000,
        98000,
        98500,
        170500,
        171000,
        175500,
        176000,
        186000,
        186500,
        288500,
        289000
      ],
      "info": [
        500,
        2000,
        6000,
        9500,
        14000,
        18000,
        23000,
        28000,
        32000,
        37000,
        191500,
        220000,
        240000
      ],
      "constraint": [
        500,
        15500,
        63000,
        106500,
        108500,
        109000,
        201500,
        224500,
        240000,
        240500,
        263500,
        280000,
        290500
      ]
    },
    "alt": {
      "force": [
        1000,
        2500,
        3000,
        98000,
        100500,
        170500,
        173000,
        175500,
        178000,
        186000,
        188500,
        288500,
        291000
      ],
      "info": [
        500,
        2000,
        6000,
        9500,
        14000,
        18000,
        23000,
        28000,
        32000,
        37000,
        55500,
        220000,
        240000
      ],
      "constraint": [
        500,
        1000,
        2000,
        2500,
        4000,
        15500,
        33000,
        65000,
        104000,
        111000,
        198500,
        220000,
        240500
      ]
    }
  },
  "gate": {
    "pass": false,
    "alignment_fail_families": [],
    "order_fail_families": []
  },
  "baseline": {
    "transition_t": 2500,
    "has_transition": true,
    "diverges_from_fit": true
  },
  "label": "INCONCLUSIVE",
  "notes": [
    "density_gate_fail:primary",
    "density_gate_fail:alt"
  ]
}