{
  "run_id": "GROKKING_TRANSITION_AUDIT_V0_1_Q0p98_SENS",
  "prereg_id": "GROKKING_TRANSITION_AUDIT_V0_1_Q0p98",
  "seed": "seed_154",
  "input_file": "data/real/seed_154.csv",
  "signal_lock": {
    "mode": "quantile",
    "quantiles": {
      "force": 0.98,
      "info": 0.98,
      "constraint": 0.98
    },
    "fixed_thresholds": {
      "force": null,
      "info": null,
      "constraint": null
    },
    "density_gate": {
      "min_rate": 0.001,
      "max_rate": 0.02
    }
  },
  "thresholds": {
    "primary": {
      "force": 0.4173830449144589,
      "info": 0.004180832492645892,
      "constraint": 0.04846821039229726
    },
    "alt": {
      "force": 0.16947974095819518,
      "info": 0.009888713058961773,
      "constraint": 0.009975600157418357
    }
  },
  "event_density": {
    "primary": {
      "force": 0.021630615640599003,
      "info": 0.021630615640599003,
      "constraint": 0.021630615640599003
    },
    "alt": {
      "force": 0.021630615640599003,
      "info": 0.021630615640599003,
      "constraint": 0.021630615640599003
    }
  },
  "event_counts": {
    "primary": {
      "force": 13,
      "info": 13,
      "constraint": 13
    },
    "alt": {
      "force": 13,
      "info": 13,
      "constraint": 13
    }
  },
  "ptmss": {
    "primary_t": null,
    "family_t": {
      "primary": null,
      "alt": null
    },
    "family_order": {
      "primary": null,
      "alt": null
    },
    "family_candidate_count": {
      "primary": 0,
      "alt": 0
    },
    "primary_candidate_steps": [],
    "window_radius_steps": 20
  },
  "events": {
    "primary": {
      "force": [
        1000,
        9000,
        9500,
        30000,
        30500,
        70000,
        70500,
        173500,
        174000,
        209000,
        209500,
        229000,
        263500
      ],
      "info": [
        500,
        1500,
        5000,
        9000,
        13500,
        17000,
        21500,
        25500,
        30000,
        35000,
        151500,
        253000,
        258000
      ],
      "constraint": [
        500,
        18000,
        20000,
        103500,
        110500,
        139500,
        166000,
        184000,
        220000,
        242500,
        262000,
        264500,
        297500
      ]
    },
    "alt": {
      "force": [
        1000,
        1500,
        2000,
        2500,
        3000,
        3500,
        4000,
        70000,
        72500,
        173500,
        176000,
        209000,
        211500
      ],
      "info": [
        500,
        1500,
        5000,
        9000,
        13500,
        17000,
        21500,
        25500,
        30000,
        35000,
        151500,
        253000,
        258000
      ],
      "constraint": [
        500,
        1000,
        2500,
        20500,
        72500,
        105500,
        112500,
        139000,
        141500,
        166000,
        222500,
        276500,
        300000
      ]
    }
  },
  "gate": {
    "pass": false,
    "alignment_fail_families": [],
    "order_fail_families": []
  },
  "baseline": {
    "transition_t": 2500,
    "has_transition": true,
    "diverges_from_fit": true
  },
  "label": "INCONCLUSIVE",
  "notes": [
    "density_gate_fail:primary",
    "density_gate_fail:alt"
  ]
}