{
  "run_id": "GROKKING_TRANSITION_AUDIT_V0_1_Q0p98_SENS",
  "prereg_id": "GROKKING_TRANSITION_AUDIT_V0_1_Q0p98",
  "seed": "seed_172",
  "input_file": "data/real/seed_172.csv",
  "signal_lock": {
    "mode": "quantile",
    "quantiles": {
      "force": 0.98,
      "info": 0.98,
      "constraint": 0.98
    },
    "fixed_thresholds": {
      "force": null,
      "info": null,
      "constraint": null
    },
    "density_gate": {
      "min_rate": 0.001,
      "max_rate": 0.02
    }
  },
  "thresholds": {
    "primary": {
      "force": 1.0852948389947414,
      "info": 0.004210631051143943,
      "constraint": 0.0516622345672193
    },
    "alt": {
      "force": 0.2940921581117436,
      "info": 0.010012596247863215,
      "constraint": 0.010452435282083561
    }
  },
  "event_density": {
    "primary": {
      "force": 0.021630615640599003,
      "info": 0.021630615640599003,
      "constraint": 0.021630615640599003
    },
    "alt": {
      "force": 0.021630615640599003,
      "info": 0.021630615640599003,
      "constraint": 0.021630615640599003
    }
  },
  "event_counts": {
    "primary": {
      "force": 13,
      "info": 13,
      "constraint": 13
    },
    "alt": {
      "force": 13,
      "info": 13,
      "constraint": 13
    }
  },
  "ptmss": {
    "primary_t": 9000,
    "family_t": {
      "primary": 9000,
      "alt": 1500
    },
    "family_order": {
      "primary": [
        "S1",
        "S2",
        "S3"
      ],
      "alt": [
        "S1",
        "S2",
        "S3"
      ]
    },
    "family_candidate_count": {
      "primary": 1,
      "alt": 1
    },
    "primary_candidate_steps": [
      9000
    ],
    "window_radius_steps": 20
  },
  "events": {
    "primary": {
      "force": [
        1500,
        2000,
        8500,
        9000,
        125500,
        130500,
        131000,
        156000,
        156500,
        182500,
        183000,
        282000,
        282500
      ],
      "info": [
        500,
        1500,
        5000,
        9000,
        14000,
        18500,
        23500,
        28500,
        32500,
        37000,
        42000,
        47500,
        58000
      ],
      "constraint": [
        500,
        9000,
        9500,
        10000,
        36000,
        74000,
        134000,
        246000,
        264500,
        265000,
        272000,
        281500,
        290500
      ]
    },
    "alt": {
      "force": [
        1000,
        1500,
        2000,
        2500,
        3000,
        4000,
        8500,
        11000,
        156000,
        158500,
        182500,
        185000,
        284500
      ],
      "info": [
        500,
        1500,
        5000,
        9000,
        14000,
        18500,
        23500,
        28500,
        32500,
        37000,
        42000,
        47500,
        58000
      ],
      "constraint": [
        500,
        1000,
        1500,
        2500,
        13500,
        16000,
        61000,
        73500,
        164000,
        164500,
        182500,
        274500,
        281000
      ]
    }
  },
  "gate": {
    "pass": false,
    "alignment_fail_families": [
      "alt"
    ],
    "order_fail_families": []
  },
  "baseline": {
    "transition_t": 2500,
    "has_transition": true,
    "diverges_from_fit": true
  },
  "label": "INCONCLUSIVE",
  "notes": [
    "density_gate_fail:primary",
    "density_gate_fail:alt"
  ]
}