{
  "run_id": "GROKKING_TRANSITION_AUDIT_V0_1_Q0p98_SENS",
  "prereg_id": "GROKKING_TRANSITION_AUDIT_V0_1_Q0p98",
  "seed": "seed_162",
  "input_file": "data/real/seed_162.csv",
  "signal_lock": {
    "mode": "quantile",
    "quantiles": {
      "force": 0.98,
      "info": 0.98,
      "constraint": 0.98
    },
    "fixed_thresholds": {
      "force": null,
      "info": null,
      "constraint": null
    },
    "density_gate": {
      "min_rate": 0.001,
      "max_rate": 0.02
    }
  },
  "thresholds": {
    "primary": {
      "force": 1.7008729075023439,
      "info": 0.004199077666856121,
      "constraint": 0.05033080326338432
    },
    "alt": {
      "force": 0.3524865179497283,
      "info": 0.009900979934588161,
      "constraint": 0.010132123527538978
    }
  },
  "event_density": {
    "primary": {
      "force": 0.021630615640599003,
      "info": 0.021630615640599003,
      "constraint": 0.021630615640599003
    },
    "alt": {
      "force": 0.021630615640599003,
      "info": 0.021630615640599003,
      "constraint": 0.021630615640599003
    }
  },
  "event_counts": {
    "primary": {
      "force": 13,
      "info": 13,
      "constraint": 13
    },
    "alt": {
      "force": 13,
      "info": 13,
      "constraint": 13
    }
  },
  "ptmss": {
    "primary_t": null,
    "family_t": {
      "primary": null,
      "alt": null
    },
    "family_order": {
      "primary": null,
      "alt": null
    },
    "family_candidate_count": {
      "primary": 0,
      "alt": 0
    },
    "primary_candidate_steps": [],
    "window_radius_steps": 20
  },
  "events": {
    "primary": {
      "force": [
        58000,
        58500,
        82000,
        201500,
        202000,
        237500,
        238000,
        260000,
        260500,
        271000,
        271500,
        281500,
        282000
      ],
      "info": [
        500,
        3000,
        6000,
        10500,
        15000,
        19000,
        23500,
        28000,
        121000,
        217000,
        222500,
        266000,
        287000
      ],
      "constraint": [
        500,
        5500,
        58000,
        82000,
        82500,
        150500,
        151000,
        167500,
        190000,
        241500,
        250500,
        278500,
        279000
      ]
    },
    "alt": {
      "force": [
        2500,
        58000,
        60500,
        84500,
        201500,
        204000,
        237500,
        240000,
        260000,
        262500,
        271000,
        273500,
        281500
      ],
      "info": [
        500,
        3000,
        6000,
        10500,
        15000,
        19000,
        23500,
        28000,
        121000,
        217000,
        222500,
        266000,
        287000
      ],
      "constraint": [
        500,
        1000,
        1500,
        2500,
        5500,
        15500,
        18500,
        21000,
        84500,
        210500,
        271000,
        273500,
        281000
      ]
    }
  },
  "gate": {
    "pass": false,
    "alignment_fail_families": [],
    "order_fail_families": []
  },
  "baseline": {
    "transition_t": 2500,
    "has_transition": true,
    "diverges_from_fit": true
  },
  "label": "INCONCLUSIVE",
  "notes": [
    "density_gate_fail:primary",
    "density_gate_fail:alt"
  ]
}