{
  "run_id": "GROKKING_TRANSITION_AUDIT_V0_1_Q0p98_SENS",
  "prereg_id": "GROKKING_TRANSITION_AUDIT_V0_1_Q0p98",
  "seed": "seed_169",
  "input_file": "data/real/seed_169.csv",
  "signal_lock": {
    "mode": "quantile",
    "quantiles": {
      "force": 0.98,
      "info": 0.98,
      "constraint": 0.98
    },
    "fixed_thresholds": {
      "force": null,
      "info": null,
      "constraint": null
    },
    "density_gate": {
      "min_rate": 0.001,
      "max_rate": 0.02
    }
  },
  "thresholds": {
    "primary": {
      "force": 1.6339683209371287,
      "info": 0.0040753980099093035,
      "constraint": 0.049678309203082305
    },
    "alt": {
      "force": 0.35332684898166916,
      "info": 0.009650989913453145,
      "constraint": 0.010530890827726097
    }
  },
  "event_density": {
    "primary": {
      "force": 0.021630615640599003,
      "info": 0.021630615640599003,
      "constraint": 0.021630615640599003
    },
    "alt": {
      "force": 0.021630615640599003,
      "info": 0.021630615640599003,
      "constraint": 0.021630615640599003
    }
  },
  "event_counts": {
    "primary": {
      "force": 13,
      "info": 13,
      "constraint": 13
    },
    "alt": {
      "force": 13,
      "info": 13,
      "constraint": 13
    }
  },
  "ptmss": {
    "primary_t": null,
    "family_t": {
      "primary": null,
      "alt": null
    },
    "family_order": {
      "primary": null,
      "alt": null
    },
    "family_candidate_count": {
      "primary": 0,
      "alt": 0
    },
    "primary_candidate_steps": [],
    "window_radius_steps": 20
  },
  "events": {
    "primary": {
      "force": [
        1000,
        36000,
        36500,
        40000,
        40500,
        110000,
        110500,
        145000,
        145500,
        266000,
        266500,
        271500,
        272000
      ],
      "info": [
        500,
        1500,
        5000,
        9000,
        13500,
        18500,
        23000,
        27500,
        44500,
        202500,
        212000,
        243500,
        266500
      ],
      "constraint": [
        500,
        20500,
        90500,
        107000,
        107500,
        110000,
        110500,
        113000,
        140500,
        177500,
        181000,
        225000,
        276500
      ]
    },
    "alt": {
      "force": [
        1000,
        2500,
        3000,
        4000,
        36000,
        38500,
        40000,
        42500,
        110000,
        112500,
        147500,
        271500,
        274000
      ],
      "info": [
        500,
        1500,
        5000,
        9000,
        13500,
        18500,
        23000,
        27500,
        44500,
        202500,
        212000,
        243500,
        266500
      ],
      "constraint": [
        500,
        1000,
        1500,
        2500,
        23000,
        45500,
        86000,
        90500,
        125500,
        140000,
        181000,
        183500,
        227000
      ]
    }
  },
  "gate": {
    "pass": false,
    "alignment_fail_families": [],
    "order_fail_families": []
  },
  "baseline": {
    "transition_t": 2500,
    "has_transition": true,
    "diverges_from_fit": true
  },
  "label": "INCONCLUSIVE",
  "notes": [
    "density_gate_fail:primary",
    "density_gate_fail:alt"
  ]
}