{
  "run_id": "GROKKING_TRANSITION_AUDIT_V0_1_Q0p98_SENS",
  "prereg_id": "GROKKING_TRANSITION_AUDIT_V0_1_Q0p98",
  "seed": "seed_146",
  "input_file": "data/real/seed_146.csv",
  "signal_lock": {
    "mode": "quantile",
    "quantiles": {
      "force": 0.98,
      "info": 0.98,
      "constraint": 0.98
    },
    "fixed_thresholds": {
      "force": null,
      "info": null,
      "constraint": null
    },
    "density_gate": {
      "min_rate": 0.001,
      "max_rate": 0.02
    }
  },
  "thresholds": {
    "primary": {
      "force": 0.9045209789182991,
      "info": 0.0038345006339632892,
      "constraint": 0.04385364611516057
    },
    "alt": {
      "force": 0.33134892059024423,
      "info": 0.009086983875903787,
      "constraint": 0.009691715302835802
    }
  },
  "event_density": {
    "primary": {
      "force": 0.021630615640599003,
      "info": 0.021630615640599003,
      "constraint": 0.021630615640599003
    },
    "alt": {
      "force": 0.021630615640599003,
      "info": 0.021630615640599003,
      "constraint": 0.021630615640599003
    }
  },
  "event_counts": {
    "primary": {
      "force": 13,
      "info": 13,
      "constraint": 13
    },
    "alt": {
      "force": 13,
      "info": 13,
      "constraint": 13
    }
  },
  "ptmss": {
    "primary_t": null,
    "family_t": {
      "primary": null,
      "alt": null
    },
    "family_order": {
      "primary": null,
      "alt": null
    },
    "family_candidate_count": {
      "primary": 0,
      "alt": 0
    },
    "primary_candidate_steps": [],
    "window_radius_steps": 20
  },
  "events": {
    "primary": {
      "force": [
        1000,
        147500,
        148000,
        185000,
        185500,
        195500,
        196000,
        216000,
        216500,
        264000,
        264500,
        297500,
        298000
      ],
      "info": [
        500,
        2500,
        6000,
        9500,
        13500,
        17500,
        22000,
        26000,
        34500,
        175000,
        190500,
        281000,
        287000
      ],
      "constraint": [
        500,
        16000,
        29000,
        29500,
        57500,
        101500,
        108000,
        151000,
        196000,
        225500,
        226000,
        232000,
        273500
      ]
    },
    "alt": {
      "force": [
        1000,
        1500,
        147500,
        185000,
        187500,
        195500,
        198000,
        216000,
        218500,
        264000,
        266500,
        297500,
        300000
      ],
      "info": [
        500,
        2500,
        6000,
        9500,
        13500,
        17500,
        22000,
        26000,
        34500,
        47000,
        190500,
        281000,
        287000
      ],
      "constraint": [
        500,
        1000,
        1500,
        2000,
        2500,
        60000,
        100500,
        110500,
        198000,
        231500,
        234000,
        292000,
        294500
      ]
    }
  },
  "gate": {
    "pass": false,
    "alignment_fail_families": [],
    "order_fail_families": []
  },
  "baseline": {
    "transition_t": 2500,
    "has_transition": true,
    "diverges_from_fit": true
  },
  "label": "INCONCLUSIVE",
  "notes": [
    "density_gate_fail:primary",
    "density_gate_fail:alt"
  ]
}