{
  "run_id": "GROKKING_TRANSITION_AUDIT_V0_1_Q0p98_SENS",
  "prereg_id": "GROKKING_TRANSITION_AUDIT_V0_1_Q0p98",
  "seed": "seed_155",
  "input_file": "data/real/seed_155.csv",
  "signal_lock": {
    "mode": "quantile",
    "quantiles": {
      "force": 0.98,
      "info": 0.98,
      "constraint": 0.98
    },
    "fixed_thresholds": {
      "force": null,
      "info": null,
      "constraint": null
    },
    "density_gate": {
      "min_rate": 0.001,
      "max_rate": 0.02
    }
  },
  "thresholds": {
    "primary": {
      "force": 0.703825353179127,
      "info": 0.003581562612506639,
      "constraint": 0.05177477017364657
    },
    "alt": {
      "force": 0.20970285562798363,
      "info": 0.008459831781572724,
      "constraint": 0.011473909063167503
    }
  },
  "event_density": {
    "primary": {
      "force": 0.021630615640599003,
      "info": 0.021630615640599003,
      "constraint": 0.021630615640599003
    },
    "alt": {
      "force": 0.021630615640599003,
      "info": 0.021630615640599003,
      "constraint": 0.021630615640599003
    }
  },
  "event_counts": {
    "primary": {
      "force": 13,
      "info": 13,
      "constraint": 13
    },
    "alt": {
      "force": 13,
      "info": 13,
      "constraint": 13
    }
  },
  "ptmss": {
    "primary_t": null,
    "family_t": {
      "primary": null,
      "alt": null
    },
    "family_order": {
      "primary": null,
      "alt": null
    },
    "family_candidate_count": {
      "primary": 0,
      "alt": 0
    },
    "primary_candidate_steps": [],
    "window_radius_steps": 20
  },
  "events": {
    "primary": {
      "force": [
        1000,
        1500,
        2000,
        2500,
        5000,
        5500,
        25000,
        65500,
        66000,
        159500,
        160000,
        256000,
        256500
      ],
      "info": [
        500,
        2000,
        5000,
        9000,
        13000,
        16000,
        20000,
        25000,
        29000,
        33500,
        48000,
        52000,
        288500
      ],
      "constraint": [
        500,
        129000,
        133500,
        137500,
        152000,
        197500,
        198000,
        233000,
        240000,
        246500,
        259000,
        263000,
        288500
      ]
    },
    "alt": {
      "force": [
        1000,
        1500,
        2500,
        3000,
        3500,
        4500,
        7500,
        65500,
        68000,
        159500,
        162000,
        256000,
        258500
      ],
      "info": [
        500,
        2000,
        5000,
        9000,
        13000,
        16000,
        20000,
        25000,
        29000,
        33500,
        48000,
        52000,
        288500
      ],
      "constraint": [
        500,
        1000,
        1500,
        2500,
        131000,
        133500,
        155500,
        158000,
        215500,
        239500,
        241000,
        246500,
        265000
      ]
    }
  },
  "gate": {
    "pass": false,
    "alignment_fail_families": [],
    "order_fail_families": []
  },
  "baseline": {
    "transition_t": 2500,
    "has_transition": true,
    "diverges_from_fit": true
  },
  "label": "INCONCLUSIVE",
  "notes": [
    "density_gate_fail:primary",
    "density_gate_fail:alt"
  ]
}