{
  "run_id": "GROKKING_TRANSITION_AUDIT_V0_1_Q0p98_SENS",
  "prereg_id": "GROKKING_TRANSITION_AUDIT_V0_1_Q0p98",
  "seed": "seed_144",
  "input_file": "data/real/seed_144.csv",
  "signal_lock": {
    "mode": "quantile",
    "quantiles": {
      "force": 0.98,
      "info": 0.98,
      "constraint": 0.98
    },
    "fixed_thresholds": {
      "force": null,
      "info": null,
      "constraint": null
    },
    "density_gate": {
      "min_rate": 0.001,
      "max_rate": 0.02
    }
  },
  "thresholds": {
    "primary": {
      "force": 1.0182409875560552,
      "info": 0.004074780798471123,
      "constraint": 0.047365362262688865
    },
    "alt": {
      "force": 0.32605538672069084,
      "info": 0.009654897361729198,
      "constraint": 0.010192616372391633
    }
  },
  "event_density": {
    "primary": {
      "force": 0.021630615640599003,
      "info": 0.021630615640599003,
      "constraint": 0.021630615640599003
    },
    "alt": {
      "force": 0.021630615640599003,
      "info": 0.021630615640599003,
      "constraint": 0.021630615640599003
    }
  },
  "event_counts": {
    "primary": {
      "force": 13,
      "info": 13,
      "constraint": 13
    },
    "alt": {
      "force": 13,
      "info": 13,
      "constraint": 13
    }
  },
  "ptmss": {
    "primary_t": null,
    "family_t": {
      "primary": null,
      "alt": null
    },
    "family_order": {
      "primary": null,
      "alt": null
    },
    "family_candidate_count": {
      "primary": 0,
      "alt": 0
    },
    "primary_candidate_steps": [],
    "window_radius_steps": 20
  },
  "events": {
    "primary": {
      "force": [
        1500,
        36000,
        36500,
        84500,
        85000,
        126500,
        127000,
        157500,
        158000,
        187000,
        187500,
        270000,
        270500
      ],
      "info": [
        500,
        2000,
        5500,
        9500,
        14500,
        19500,
        23000,
        27000,
        31500,
        40500,
        45000,
        49500,
        292000
      ],
      "constraint": [
        500,
        44500,
        58000,
        79500,
        96500,
        97000,
        109500,
        148000,
        148500,
        193000,
        243500,
        273000,
        288000
      ]
    },
    "alt": {
      "force": [
        1500,
        2500,
        3000,
        36000,
        38500,
        84500,
        87000,
        126500,
        129000,
        157500,
        160000,
        270000,
        272500
      ],
      "info": [
        500,
        2000,
        5500,
        9500,
        14500,
        19500,
        23000,
        27000,
        31500,
        40500,
        45000,
        49500,
        292000
      ],
      "constraint": [
        500,
        1000,
        1500,
        2500,
        33500,
        44000,
        99000,
        108000,
        109500,
        129000,
        208000,
        233500,
        245500
      ]
    }
  },
  "gate": {
    "pass": false,
    "alignment_fail_families": [],
    "order_fail_families": []
  },
  "baseline": {
    "transition_t": 2500,
    "has_transition": true,
    "diverges_from_fit": true
  },
  "label": "INCONCLUSIVE",
  "notes": [
    "density_gate_fail:primary",
    "density_gate_fail:alt"
  ]
}