{
  "run_id": "GROKKING_TRANSITION_AUDIT_V0_1_WR20_SENS",
  "prereg_id": "GROKKING_TRANSITION_AUDIT_V0_1_WR20",
  "seed": "seed_166",
  "input_file": "data/real/seed_166.csv",
  "signal_lock": {
    "mode": "quantile",
    "quantiles": {
      "force": 0.99,
      "info": 0.99,
      "constraint": 0.99
    },
    "fixed_thresholds": {
      "force": null,
      "info": null,
      "constraint": null
    },
    "density_gate": {
      "min_rate": 0.001,
      "max_rate": 0.02
    }
  },
  "thresholds": {
    "primary": {
      "force": 4.306656682980247,
      "info": 0.005297847782955611,
      "constraint": 0.04984116551648593
    },
    "alt": {
      "force": 0.8440696279052646,
      "info": 0.012490867078994494,
      "constraint": 0.011637646376624872
    }
  },
  "event_density": {
    "primary": {
      "force": 0.011647254575707155,
      "info": 0.011647254575707155,
      "constraint": 0.011647254575707155
    },
    "alt": {
      "force": 0.011647254575707155,
      "info": 0.011647254575707155,
      "constraint": 0.011647254575707155
    }
  },
  "event_counts": {
    "primary": {
      "force": 7,
      "info": 7,
      "constraint": 7
    },
    "alt": {
      "force": 7,
      "info": 7,
      "constraint": 7
    }
  },
  "ptmss": {
    "primary_t": 8000,
    "family_t": {
      "primary": 8000,
      "alt": 1500
    },
    "family_order": {
      "primary": [
        "S1",
        "S2",
        "S3"
      ],
      "alt": [
        "S1",
        "S2",
        "S3"
      ]
    },
    "family_candidate_count": {
      "primary": 1,
      "alt": 1
    },
    "primary_candidate_steps": [
      8000
    ],
    "window_radius_steps": 20
  },
  "events": {
    "primary": {
      "force": [
        1500,
        2000,
        5000,
        5500,
        8000,
        32500,
        33000
      ],
      "info": [
        500,
        1500,
        5500,
        8000,
        12500,
        18000,
        33000
      ],
      "constraint": [
        500,
        8000,
        128500,
        129000,
        144500,
        172500,
        173500
      ]
    },
    "alt": {
      "force": [
        1500,
        4000,
        5000,
        7500,
        10500,
        32500,
        35000
      ],
      "info": [
        500,
        1500,
        5500,
        8000,
        12500,
        18000,
        33000
      ],
      "constraint": [
        500,
        1000,
        1500,
        2500,
        36000,
        62000,
        274000
      ]
    }
  },
  "gate": {
    "pass": false,
    "alignment_fail_families": [
      "alt"
    ],
    "order_fail_families": []
  },
  "baseline": {
    "transition_t": 2500,
    "has_transition": true,
    "diverges_from_fit": true
  },
  "label": "ESTIMATOR_UNSTABLE",
  "notes": []
}