{
  "run_id": "GROKKING_TRANSITION_AUDIT_V0_1_WR20_SENS",
  "prereg_id": "GROKKING_TRANSITION_AUDIT_V0_1_WR20",
  "seed": "seed_150",
  "input_file": "data/real/seed_150.csv",
  "signal_lock": {
    "mode": "quantile",
    "quantiles": {
      "force": 0.99,
      "info": 0.99,
      "constraint": 0.99
    },
    "fixed_thresholds": {
      "force": null,
      "info": null,
      "constraint": null
    },
    "density_gate": {
      "min_rate": 0.001,
      "max_rate": 0.02
    }
  },
  "thresholds": {
    "primary": {
      "force": 2.447236157458974,
      "info": 0.004699769161739864,
      "constraint": 0.06487767173007125
    },
    "alt": {
      "force": 0.48784241409739476,
      "info": 0.011108077422183449,
      "constraint": 0.014781805773013745
    }
  },
  "event_density": {
    "primary": {
      "force": 0.011647254575707155,
      "info": 0.011647254575707155,
      "constraint": 0.011647254575707155
    },
    "alt": {
      "force": 0.011647254575707155,
      "info": 0.011647254575707155,
      "constraint": 0.011647254575707155
    }
  },
  "event_counts": {
    "primary": {
      "force": 7,
      "info": 7,
      "constraint": 7
    },
    "alt": {
      "force": 7,
      "info": 7,
      "constraint": 7
    }
  },
  "ptmss": {
    "primary_t": null,
    "family_t": {
      "primary": null,
      "alt": null
    },
    "family_order": {
      "primary": null,
      "alt": null
    },
    "family_candidate_count": {
      "primary": 0,
      "alt": 0
    },
    "primary_candidate_steps": [],
    "window_radius_steps": 20
  },
  "events": {
    "primary": {
      "force": [
        2000,
        2500,
        12500,
        13000,
        21500,
        22000,
        290000
      ],
      "info": [
        500,
        2000,
        2500,
        5500,
        9000,
        17500,
        22000
      ],
      "constraint": [
        500,
        13000,
        19000,
        78000,
        211500,
        258500,
        259000
      ]
    },
    "alt": {
      "force": [
        2000,
        4500,
        12500,
        15000,
        21500,
        24000,
        290000
      ],
      "info": [
        500,
        2000,
        2500,
        5500,
        9000,
        17500,
        22000
      ],
      "constraint": [
        500,
        1000,
        1500,
        2500,
        15000,
        25500,
        214000
      ]
    }
  },
  "gate": {
    "pass": false,
    "alignment_fail_families": [],
    "order_fail_families": []
  },
  "baseline": {
    "transition_t": 2500,
    "has_transition": true,
    "diverges_from_fit": true
  },
  "label": "NO_TRANSITION",
  "notes": []
}