{
  "run_id": "GROKKING_TRANSITION_AUDIT_V0_1_WR20_SENS",
  "prereg_id": "GROKKING_TRANSITION_AUDIT_V0_1_WR20",
  "seed": "seed_172",
  "input_file": "data/real/seed_172.csv",
  "signal_lock": {
    "mode": "quantile",
    "quantiles": {
      "force": 0.99,
      "info": 0.99,
      "constraint": 0.99
    },
    "fixed_thresholds": {
      "force": null,
      "info": null,
      "constraint": null
    },
    "density_gate": {
      "min_rate": 0.001,
      "max_rate": 0.02
    }
  },
  "thresholds": {
    "primary": {
      "force": 2.7947943508042954,
      "info": 0.005813122023383577,
      "constraint": 0.057062146892655374
    },
    "alt": {
      "force": 0.6799805599730462,
      "info": 0.013777112305279005,
      "constraint": 0.011471138972563688
    }
  },
  "event_density": {
    "primary": {
      "force": 0.011647254575707155,
      "info": 0.011647254575707155,
      "constraint": 0.011647254575707155
    },
    "alt": {
      "force": 0.011647254575707155,
      "info": 0.011647254575707155,
      "constraint": 0.011647254575707155
    }
  },
  "event_counts": {
    "primary": {
      "force": 7,
      "info": 7,
      "constraint": 7
    },
    "alt": {
      "force": 7,
      "info": 7,
      "constraint": 7
    }
  },
  "ptmss": {
    "primary_t": null,
    "family_t": {
      "primary": null,
      "alt": 1500
    },
    "family_order": {
      "primary": null,
      "alt": [
        "S1",
        "S2",
        "S3"
      ]
    },
    "family_candidate_count": {
      "primary": 0,
      "alt": 1
    },
    "primary_candidate_steps": [],
    "window_radius_steps": 20
  },
  "events": {
    "primary": {
      "force": [
        1500,
        2000,
        8500,
        9000,
        156000,
        156500,
        182500
      ],
      "info": [
        500,
        1500,
        5000,
        14000,
        18500,
        23500,
        28500
      ],
      "constraint": [
        500,
        9500,
        10000,
        36000,
        265000,
        272000,
        281500
      ]
    },
    "alt": {
      "force": [
        1500,
        2000,
        4000,
        8500,
        11000,
        156000,
        158500
      ],
      "info": [
        500,
        1500,
        5000,
        14000,
        18500,
        23500,
        28500
      ],
      "constraint": [
        500,
        1000,
        1500,
        2500,
        13500,
        274500,
        281000
      ]
    }
  },
  "gate": {
    "pass": false,
    "alignment_fail_families": [],
    "order_fail_families": []
  },
  "baseline": {
    "transition_t": 2500,
    "has_transition": true,
    "diverges_from_fit": true
  },
  "label": "NO_TRANSITION",
  "notes": []
}