{
  "run_id": "GROKKING_TRANSITION_AUDIT_V0_1_WR20_SENS",
  "prereg_id": "GROKKING_TRANSITION_AUDIT_V0_1_WR20",
  "seed": "seed_177",
  "input_file": "data/real/seed_177.csv",
  "signal_lock": {
    "mode": "quantile",
    "quantiles": {
      "force": 0.99,
      "info": 0.99,
      "constraint": 0.99
    },
    "fixed_thresholds": {
      "force": null,
      "info": null,
      "constraint": null
    },
    "density_gate": {
      "min_rate": 0.001,
      "max_rate": 0.02
    }
  },
  "thresholds": {
    "primary": {
      "force": 1.4763458397937939,
      "info": 0.00506629642638412,
      "constraint": 0.057652678536180973
    },
    "alt": {
      "force": 0.39068068874379014,
      "info": 0.011982354539827877,
      "constraint": 0.012375859434682945
    }
  },
  "event_density": {
    "primary": {
      "force": 0.011647254575707155,
      "info": 0.011647254575707155,
      "constraint": 0.011647254575707155
    },
    "alt": {
      "force": 0.011647254575707155,
      "info": 0.011647254575707155,
      "constraint": 0.011647254575707155
    }
  },
  "event_counts": {
    "primary": {
      "force": 7,
      "info": 7,
      "constraint": 7
    },
    "alt": {
      "force": 7,
      "info": 7,
      "constraint": 7
    }
  },
  "ptmss": {
    "primary_t": null,
    "family_t": {
      "primary": null,
      "alt": null
    },
    "family_order": {
      "primary": null,
      "alt": null
    },
    "family_candidate_count": {
      "primary": 0,
      "alt": 0
    },
    "primary_candidate_steps": [],
    "window_radius_steps": 20
  },
  "events": {
    "primary": {
      "force": [
        32500,
        33000,
        56500,
        57000,
        65500,
        69000,
        69500
      ],
      "info": [
        500,
        1000,
        4000,
        7500,
        12500,
        16000,
        20000
      ],
      "constraint": [
        500,
        9500,
        32500,
        68000,
        194000,
        244000,
        254500
      ]
    },
    "alt": {
      "force": [
        1500,
        2500,
        3000,
        32500,
        35000,
        56500,
        59000
      ],
      "info": [
        500,
        1000,
        4000,
        7500,
        12500,
        16000,
        20000
      ],
      "constraint": [
        500,
        1000,
        1500,
        2500,
        244000,
        246500,
        257000
      ]
    }
  },
  "gate": {
    "pass": false,
    "alignment_fail_families": [],
    "order_fail_families": []
  },
  "baseline": {
    "transition_t": 2500,
    "has_transition": true,
    "diverges_from_fit": true
  },
  "label": "NO_TRANSITION",
  "notes": []
}