{
  "run_id": "GROKKING_TRANSITION_AUDIT_V0_1_WR20_SENS",
  "prereg_id": "GROKKING_TRANSITION_AUDIT_V0_1_WR20",
  "seed": "seed_171",
  "input_file": "data/real/seed_171.csv",
  "signal_lock": {
    "mode": "quantile",
    "quantiles": {
      "force": 0.99,
      "info": 0.99,
      "constraint": 0.99
    },
    "fixed_thresholds": {
      "force": null,
      "info": null,
      "constraint": null
    },
    "density_gate": {
      "min_rate": 0.001,
      "max_rate": 0.02
    }
  },
  "thresholds": {
    "primary": {
      "force": 3.8295284567866474,
      "info": 0.005002790545228342,
      "constraint": 0.057747397905592524
    },
    "alt": {
      "force": 0.7600756234838627,
      "info": 0.011900577146554348,
      "constraint": 0.013739978750120702
    }
  },
  "event_density": {
    "primary": {
      "force": 0.011647254575707155,
      "info": 0.011647254575707155,
      "constraint": 0.011647254575707155
    },
    "alt": {
      "force": 0.011647254575707155,
      "info": 0.011647254575707155,
      "constraint": 0.011647254575707155
    }
  },
  "event_counts": {
    "primary": {
      "force": 7,
      "info": 7,
      "constraint": 7
    },
    "alt": {
      "force": 7,
      "info": 7,
      "constraint": 7
    }
  },
  "ptmss": {
    "primary_t": null,
    "family_t": {
      "primary": null,
      "alt": null
    },
    "family_order": {
      "primary": null,
      "alt": null
    },
    "family_candidate_count": {
      "primary": 0,
      "alt": 0
    },
    "primary_candidate_steps": [],
    "window_radius_steps": 20
  },
  "events": {
    "primary": {
      "force": [
        26000,
        26500,
        44000,
        52500,
        53000,
        106000,
        106500
      ],
      "info": [
        500,
        1500,
        5000,
        9500,
        14000,
        18500,
        22000
      ],
      "constraint": [
        500,
        26000,
        106000,
        106500,
        238500,
        278000,
        278500
      ]
    },
    "alt": {
      "force": [
        26000,
        28500,
        46500,
        52500,
        55000,
        106000,
        108500
      ],
      "info": [
        500,
        1500,
        5000,
        9500,
        14000,
        18500,
        22000
      ],
      "constraint": [
        500,
        1000,
        1500,
        2000,
        2500,
        26000,
        28500
      ]
    }
  },
  "gate": {
    "pass": false,
    "alignment_fail_families": [],
    "order_fail_families": []
  },
  "baseline": {
    "transition_t": 2500,
    "has_transition": true,
    "diverges_from_fit": true
  },
  "label": "NO_TRANSITION",
  "notes": []
}