{
  "run_id": "GROKKING_TRANSITION_AUDIT_V0_1_Q0p99_SENS",
  "prereg_id": "GROKKING_TRANSITION_AUDIT_V0_1_Q0p99",
  "seed": "seed_162",
  "input_file": "data/real/seed_162.csv",
  "signal_lock": {
    "mode": "quantile",
    "quantiles": {
      "force": 0.99,
      "info": 0.99,
      "constraint": 0.99
    },
    "fixed_thresholds": {
      "force": null,
      "info": null,
      "constraint": null
    },
    "density_gate": {
      "min_rate": 0.001,
      "max_rate": 0.02
    }
  },
  "thresholds": {
    "primary": {
      "force": 2.9313634637510404,
      "info": 0.005135658601610249,
      "constraint": 0.05490965121165428
    },
    "alt": {
      "force": 0.588448921465897,
      "info": 0.012120146326229264,
      "constraint": 0.013303349508817591
    }
  },
  "event_density": {
    "primary": {
      "force": 0.011647254575707155,
      "info": 0.011647254575707155,
      "constraint": 0.011647254575707155
    },
    "alt": {
      "force": 0.011647254575707155,
      "info": 0.011647254575707155,
      "constraint": 0.011647254575707155
    }
  },
  "event_counts": {
    "primary": {
      "force": 7,
      "info": 7,
      "constraint": 7
    },
    "alt": {
      "force": 7,
      "info": 7,
      "constraint": 7
    }
  },
  "ptmss": {
    "primary_t": null,
    "family_t": {
      "primary": null,
      "alt": null
    },
    "family_order": {
      "primary": null,
      "alt": null
    },
    "family_candidate_count": {
      "primary": 0,
      "alt": 0
    },
    "primary_candidate_steps": [],
    "window_radius_steps": 20
  },
  "events": {
    "primary": {
      "force": [
        58000,
        58500,
        201500,
        202000,
        260000,
        271000,
        271500
      ],
      "info": [
        500,
        3000,
        6000,
        10500,
        15000,
        19000,
        23500
      ],
      "constraint": [
        500,
        82500,
        151000,
        190000,
        241500,
        250500,
        279000
      ]
    },
    "alt": {
      "force": [
        58000,
        60500,
        201500,
        204000,
        262500,
        271000,
        273500
      ],
      "info": [
        500,
        3000,
        6000,
        10500,
        15000,
        19000,
        23500
      ],
      "constraint": [
        500,
        1000,
        1500,
        2500,
        84500,
        271000,
        281000
      ]
    }
  },
  "gate": {
    "pass": false,
    "alignment_fail_families": [],
    "order_fail_families": []
  },
  "baseline": {
    "transition_t": 2500,
    "has_transition": true,
    "diverges_from_fit": true
  },
  "label": "NO_TRANSITION",
  "notes": []
}