{
  "run_id": "GROKKING_TRANSITION_AUDIT_V0_1_Q0p99_SENS",
  "prereg_id": "GROKKING_TRANSITION_AUDIT_V0_1_Q0p99",
  "seed": "seed_154",
  "input_file": "data/real/seed_154.csv",
  "signal_lock": {
    "mode": "quantile",
    "quantiles": {
      "force": 0.99,
      "info": 0.99,
      "constraint": 0.99
    },
    "fixed_thresholds": {
      "force": null,
      "info": null,
      "constraint": null
    },
    "density_gate": {
      "min_rate": 0.001,
      "max_rate": 0.02
    }
  },
  "thresholds": {
    "primary": {
      "force": 0.8297990143182687,
      "info": 0.005278014626808658,
      "constraint": 0.05512159174649964
    },
    "alt": {
      "force": 0.3114729216671549,
      "info": 0.012499630458094213,
      "constraint": 0.01051559934318555
    }
  },
  "event_density": {
    "primary": {
      "force": 0.011647254575707155,
      "info": 0.011647254575707155,
      "constraint": 0.011647254575707155
    },
    "alt": {
      "force": 0.011647254575707155,
      "info": 0.011647254575707155,
      "constraint": 0.011647254575707155
    }
  },
  "event_counts": {
    "primary": {
      "force": 7,
      "info": 7,
      "constraint": 7
    },
    "alt": {
      "force": 7,
      "info": 7,
      "constraint": 7
    }
  },
  "ptmss": {
    "primary_t": null,
    "family_t": {
      "primary": null,
      "alt": null
    },
    "family_order": {
      "primary": null,
      "alt": null
    },
    "family_candidate_count": {
      "primary": 0,
      "alt": 0
    },
    "primary_candidate_steps": [],
    "window_radius_steps": 20
  },
  "events": {
    "primary": {
      "force": [
        1000,
        9000,
        70000,
        173500,
        174000,
        209000,
        209500
      ],
      "info": [
        500,
        1500,
        5000,
        9000,
        13500,
        21500,
        253000
      ],
      "constraint": [
        500,
        18000,
        110500,
        139500,
        220000,
        264500,
        297500
      ]
    },
    "alt": {
      "force": [
        1000,
        2500,
        3000,
        173500,
        176000,
        209000,
        211500
      ],
      "info": [
        500,
        1500,
        5000,
        9000,
        13500,
        21500,
        253000
      ],
      "constraint": [
        500,
        1000,
        2500,
        112500,
        141500,
        166000,
        300000
      ]
    }
  },
  "gate": {
    "pass": false,
    "alignment_fail_families": [],
    "order_fail_families": []
  },
  "baseline": {
    "transition_t": 2500,
    "has_transition": true,
    "diverges_from_fit": true
  },
  "label": "NO_TRANSITION",
  "notes": []
}