{
  "run_id": "GROKKING_TRANSITION_AUDIT_V0_1_Q0p99_SENS",
  "prereg_id": "GROKKING_TRANSITION_AUDIT_V0_1_Q0p99",
  "seed": "seed_170",
  "input_file": "data/real/seed_170.csv",
  "signal_lock": {
    "mode": "quantile",
    "quantiles": {
      "force": 0.99,
      "info": 0.99,
      "constraint": 0.99
    },
    "fixed_thresholds": {
      "force": null,
      "info": null,
      "constraint": null
    },
    "density_gate": {
      "min_rate": 0.001,
      "max_rate": 0.02
    }
  },
  "thresholds": {
    "primary": {
      "force": 2.4267261862696614,
      "info": 0.005533997648751621,
      "constraint": 0.05491384058541193
    },
    "alt": {
      "force": 0.4838052552833687,
      "info": 0.013156438660590464,
      "constraint": 0.011103833368812321
    }
  },
  "event_density": {
    "primary": {
      "force": 0.011647254575707155,
      "info": 0.011647254575707155,
      "constraint": 0.011647254575707155
    },
    "alt": {
      "force": 0.011647254575707155,
      "info": 0.011647254575707155,
      "constraint": 0.011647254575707155
    }
  },
  "event_counts": {
    "primary": {
      "force": 7,
      "info": 7,
      "constraint": 7
    },
    "alt": {
      "force": 7,
      "info": 7,
      "constraint": 7
    }
  },
  "ptmss": {
    "primary_t": null,
    "family_t": {
      "primary": null,
      "alt": null
    },
    "family_order": {
      "primary": null,
      "alt": null
    },
    "family_candidate_count": {
      "primary": 0,
      "alt": 0
    },
    "primary_candidate_steps": [],
    "window_radius_steps": 20
  },
  "events": {
    "primary": {
      "force": [
        31500,
        32000,
        138000,
        138500,
        181000,
        282000,
        282500
      ],
      "info": [
        500,
        2000,
        5500,
        9500,
        13500,
        17000,
        22000
      ],
      "constraint": [
        500,
        26500,
        146000,
        189500,
        190000,
        296500,
        297000
      ]
    },
    "alt": {
      "force": [
        31500,
        34000,
        138000,
        140500,
        183500,
        282000,
        284500
      ],
      "info": [
        500,
        2000,
        5500,
        9500,
        13500,
        17000,
        22000
      ],
      "constraint": [
        500,
        1000,
        2500,
        4000,
        175000,
        283500,
        294000
      ]
    }
  },
  "gate": {
    "pass": false,
    "alignment_fail_families": [],
    "order_fail_families": []
  },
  "baseline": {
    "transition_t": 2500,
    "has_transition": true,
    "diverges_from_fit": true
  },
  "label": "NO_TRANSITION",
  "notes": []
}