{
  "run_id": "GROKKING_TRANSITION_AUDIT_V0_1_Q0p99_SENS",
  "prereg_id": "GROKKING_TRANSITION_AUDIT_V0_1_Q0p99",
  "seed": "seed_157",
  "input_file": "data/real/seed_157.csv",
  "signal_lock": {
    "mode": "quantile",
    "quantiles": {
      "force": 0.99,
      "info": 0.99,
      "constraint": 0.99
    },
    "fixed_thresholds": {
      "force": null,
      "info": null,
      "constraint": null
    },
    "density_gate": {
      "min_rate": 0.001,
      "max_rate": 0.02
    }
  },
  "thresholds": {
    "primary": {
      "force": 2.5295106023550034,
      "info": 0.00554015372160821,
      "constraint": 0.05433721246658452
    },
    "alt": {
      "force": 0.5719403883907944,
      "info": 0.013099983308800134,
      "constraint": 0.012034383954154737
    }
  },
  "event_density": {
    "primary": {
      "force": 0.011647254575707155,
      "info": 0.011647254575707155,
      "constraint": 0.011647254575707155
    },
    "alt": {
      "force": 0.011647254575707155,
      "info": 0.011647254575707155,
      "constraint": 0.011647254575707155
    }
  },
  "event_counts": {
    "primary": {
      "force": 7,
      "info": 7,
      "constraint": 7
    },
    "alt": {
      "force": 7,
      "info": 7,
      "constraint": 7
    }
  },
  "ptmss": {
    "primary_t": null,
    "family_t": {
      "primary": null,
      "alt": null
    },
    "family_order": {
      "primary": null,
      "alt": null
    },
    "family_candidate_count": {
      "primary": 0,
      "alt": 0
    },
    "primary_candidate_steps": [],
    "window_radius_steps": 20
  },
  "events": {
    "primary": {
      "force": [
        1500,
        43000,
        43500,
        245000,
        245500,
        291000,
        291500
      ],
      "info": [
        500,
        1000,
        4500,
        9000,
        12500,
        17000,
        22500
      ],
      "constraint": [
        500,
        20500,
        21000,
        134000,
        147500,
        201000,
        266500
      ]
    },
    "alt": {
      "force": [
        3500,
        43000,
        45500,
        245000,
        247500,
        291000,
        293500
      ],
      "info": [
        500,
        1000,
        4500,
        9000,
        12500,
        17000,
        22500
      ],
      "constraint": [
        500,
        1000,
        2500,
        11000,
        23000,
        149500,
        268000
      ]
    }
  },
  "gate": {
    "pass": false,
    "alignment_fail_families": [],
    "order_fail_families": []
  },
  "baseline": {
    "transition_t": 2500,
    "has_transition": true,
    "diverges_from_fit": true
  },
  "label": "NO_TRANSITION",
  "notes": []
}