run,n_neg,n_eff_neg,n_eff_ratio,k_eff_neg,tie_dom_topq,t_event,n_pos,roc_auc,average_precision
seed_140,560,89.3663,0.159583,1.1368,0.0357143,153000,41,0.428528,0.0575926
seed_141,560,87.2261,0.155761,1.1368,0.0357143,89000,41,0.522125,0.0667915
seed_142,560,85.6462,0.15294,1.1368,0.0357143,65500,41,0.354443,0.0534448
seed_143,560,84.685,0.151223,1.1368,0.0357143,181500,41,0.605923,0.102202
