fpr_target,threshold,fpr_achieved,fpr_best_match,coverage,abstain_rate,covered,lead_time_mean_steps
0.01,1.9049,0.00982143,0.00982143,0,1,0/4,
0.05,0.0648531,0.05,0.05,0.5,0.5,2/4,12250
0.1,0.0340995,0.1,0.1,0.5,0.5,2/4,12250
0.2,0.0188858,0.2,0.2,0.5,0.5,2/4,12250
