fpr_target,threshold,fpr_achieved,fpr_best_match,coverage,abstain_rate,covered,lead_time_mean_steps
0.01,4.72311,0.00999822,0.00999822,0,1,0/39,
0.05,0.1776,0.0499911,0.0499911,0.410256,0.589744,16/39,12781.2
0.1,0.0984443,0.0999822,0.0999822,0.564103,0.435897,22/39,11272.7
0.2,0.0545377,0.200009,0.200009,0.74359,0.25641,29/39,12000

